time,MACD,MACD_Hist,MACD_Signal
2020-04-30,-0.2888,0.0180,-0.3068
2020-04-29,-0.2868,0.0245,-0.3113
2020-04-28,-0.2973,0.0202,-0.3175
2020-04-27,-0.3013,0.0212,-0.3225
2020-04-24,-0.2949,0.0329,-0.3278
2020-04-23,-0.2794,0.0566,-0.3360
2020-04-22,-0.2739,0.0762,-0.3502
2020-04-20,-0.2782,0.0911,-0.3692
2020-04-17,-0.2785,0.1135,-0.3920
2020-04-16,-0.2882,0.1322,-0.4203
2020-04-15,-0.3054,0.1480,-0.4534
2020-04-14,-0.3424,0.1480,-0.4904
2020-04-13,-0.3866,0.1408,-0.5274
2020-04-09,-0.4497,0.1129,-0.5626
2020-04-08,-0.5114,0.0794,-0.5908
2020-04-07,-0.6020,0.0086,-0.6107
2020-04-06,-0.6164,-0.0035,-0.6128
2020-04-03,-0.6196,-0.0076,-0.6119
2020-04-02,-0.6075,0.0026,-0.6100
2020-04-01,-0.6087,0.0020,-0.6107
2020-03-31,-0.6065,0.0046,-0.6112
2020-03-30,-0.6112,0.0011,-0.6123
2020-03-27,-0.6408,-0.0282,-0.6126
2020-03-26,-0.6541,-0.0485,-0.6056
2020-03-25,-0.7012,-0.1077,-0.5934
2020-03-24,-0.7511,-0.1846,-0.5665
2020-03-23,-0.7072,-0.1868,-0.5203
2020-03-20,-0.6500,-0.1763,-0.4736
2020-03-19,-0.5970,-0.1675,-0.4296
2020-03-18,-0.5432,-0.1555,-0.3877
2020-03-17,-0.5113,-0.1625,-0.3488
2020-03-16,-0.5010,-0.1928,-0.3082
2020-03-13,-0.4336,-0.1736,-0.2600
2020-03-12,-0.4095,-0.1928,-0.2166
2020-03-11,-0.2730,-0.1045,-0.1684
2020-03-10,-0.2230,-0.0808,-0.1423
2020-03-09,-0.1958,-0.0737,-0.1221
2020-03-06,-0.1256,-0.0220,-0.1036
2020-03-05,-0.0892,0.0090,-0.0982
2020-03-04,-0.0740,0.0264,-0.1004
2020-03-03,-0.1034,0.0037,-0.1070
2020-03-02,-0.1221,-0.0141,-0.1079
2020-02-28,-0.1319,-0.0275,-0.1044
2020-02-27,-0.1192,-0.0217,-0.0975
2020-02-21,-0.0646,0.0275,-0.0921
2020-02-20,-0.0509,0.0481,-0.0990
2020-02-19,-0.0480,0.0630,-0.1110
2020-02-18,-0.0690,0.0577,-0.1267
2020-02-17,-0.0898,0.0514,-0.1411
2020-02-14,-0.0987,0.0553,-0.1540
2020-02-13,-0.1137,0.0541,-0.1678
2020-02-12,-0.1221,0.0592,-0.1813
2020-02-11,-0.1432,0.0529,-0.1961
2020-02-10,-0.1487,0.0606,-0.2094
2020-02-07,-0.1648,0.0597,-0.2245
2020-02-06,-0.1952,0.0443,-0.2395
2020-02-05,-0.2321,0.0185,-0.2505
2020-02-04,-0.2422,0.0129,-0.2551
2020-02-03,-0.2435,0.0149,-0.2584
2020-01-31,-0.2619,0.0002,-0.2621
2020-01-30,-0.2725,-0.0104,-0.2621
2020-01-29,-0.2841,-0.0246,-0.2595
2020-01-28,-0.2815,-0.0281,-0.2534
2020-01-27,-0.3036,-0.0572,-0.2464
2020-01-24,-0.3020,-0.0699,-0.2321
2020-01-23,-0.2955,-0.0809,-0.2146
2020-01-22,-0.2951,-0.1007,-0.1944
2020-01-21,-0.2944,-0.1252,-0.1692
2020-01-20,-0.2628,-0.1249,-0.1379
2020-01-17,-0.2339,-0.1272,-0.1067
2020-01-16,-0.2119,-0.1371,-0.0748
2020-01-15,-0.1879,-0.1473,-0.0406
2020-01-14,-0.1515,-0.1477,-0.0037
2020-01-13,-0.1252,-0.1584,0.0332
2020-01-10,-0.0837,-0.1565,0.0728
2020-01-09,-0.0264,-0.1383,0.1119
2020-01-08,0.0521,-0.0944,0.1465
2020-01-07,0.1027,-0.0673,0.1701
2020-01-06,0.1475,-0.0394,0.1869
2020-01-03,0.1781,-0.0187,0.1967
2020-01-02,0.1931,-0.0083,0.2014
2019-12-30,0.1983,-0.0051,0.2035
2019-12-27,0.2225,0.0177,0.2048
2019-12-26,0.2327,0.0324,0.2003
2019-12-23,0.2261,0.0338,0.1923
2019-12-20,0.2317,0.0479,0.1838
2019-12-19,0.2416,0.0698,0.1718
2019-12-18,0.2435,0.0892,0.1544
2019-12-17,0.2221,0.0901,0.1321
2019-12-16,0.1865,0.0769,0.1096
2019-12-13,0.1851,0.0948,0.0903
2019-12-12,0.1349,0.0683,0.0666
2019-12-11,0.1075,0.0579,0.0496
2019-12-10,0.0862,0.0511,0.0351
2019-12-09,0.0731,0.0508,0.0223
2019-12-06,0.0512,0.0416,0.0096
2019-12-05,0.0297,0.0304,-0.0008
2019-12-04,0.0007,0.0091,-0.0084
2019-12-03,0.0044,0.0151,-0.0107
2019-12-02,-0.0061,0.0083,-0.0144
2019-11-29,-0.0134,0.0031,-0.0165
2019-11-28,-0.0255,-0.0082,-0.0173
2019-11-27,-0.0345,-0.0193,-0.0153
2019-11-26,-0.0170,-0.0066,-0.0104
2019-11-25,-0.0066,0.0022,-0.0088
2019-11-22,-0.0177,-0.0084,-0.0093
2019-11-21,-0.0021,0.0051,-0.0072
2019-11-19,0.0067,0.0152,-0.0085
2019-11-18,0.0167,0.0290,-0.0123
2019-11-14,0.0294,0.0489,-0.0196
2019-11-13,0.0206,0.0524,-0.0318
2019-11-12,-0.0031,0.0418,-0.0449
2019-11-11,-0.0272,0.0282,-0.0554
2019-11-08,-0.0646,-0.0022,-0.0624
2019-11-07,-0.0830,-0.0211,-0.0619
2019-11-06,-0.0940,-0.0375,-0.0566
2019-11-05,-0.0793,-0.0321,-0.0472
2019-11-04,-0.0633,-0.0241,-0.0392
2019-11-01,-0.0543,-0.0212,-0.0332
2019-10-31,-0.0298,-0.0019,-0.0279
2019-10-30,-0.0143,0.0131,-0.0274
2019-10-29,-0.0035,0.0271,-0.0307
2019-10-28,-0.0193,0.0182,-0.0374
2019-10-25,-0.0258,0.0162,-0.0420
2019-10-24,-0.0419,0.0041,-0.0460
2019-10-23,-0.0365,0.0106,-0.0470
2019-10-22,-0.0483,0.0014,-0.0497
2019-10-21,-0.0688,-0.0188,-0.0500
2019-10-18,-0.0746,-0.0293,-0.0453
2019-10-17,-0.0759,-0.0379,-0.0380
2019-10-16,-0.0713,-0.0428,-0.0285
2019-10-15,-0.0695,-0.0517,-0.0178
2019-10-14,-0.0591,-0.0542,-0.0049
2019-10-11,-0.0653,-0.0739,0.0087
2019-10-10,-0.0691,-0.0963,0.0272
2019-10-09,-0.0446,-0.0958,0.0512
2019-10-08,-0.0309,-0.1061,0.0752
2019-10-07,0.0022,-0.0995,0.1017
2019-10-04,0.0303,-0.0964,0.1266
2019-10-03,0.0585,-0.0922,0.1507
2019-10-02,0.0824,-0.0913,0.1738
2019-10-01,0.1383,-0.0583,0.1966
2019-09-30,0.1770,-0.0342,0.2112
2019-09-27,0.2096,-0.0101,0.2197
2019-09-26,0.2553,0.0331,0.2222
2019-09-25,0.2722,0.0583,0.2140
2019-09-24,0.2828,0.0834,0.1994
2019-09-23,0.2707,0.0922,0.1786
2019-09-20,0.2483,0.0928,0.1555
2019-09-19,0.2386,0.1063,0.1323
2019-09-18,0.2114,0.1057,0.1058
2019-09-17,0.1269,0.0475,0.0793
2019-09-16,0.0924,0.0250,0.0675
2019-09-13,0.0594,-0.0018,0.0612
2019-09-12,0.0631,0.0015,0.0617
2019-09-11,0.0599,-0.0014,0.0613
2019-09-10,0.0559,-0.0057,0.0617
2019-09-09,0.0683,0.0052,0.0631
2019-09-06,0.0863,0.0245,0.0618
2019-09-05,0.0814,0.0257,0.0557
2019-09-04,0.0740,0.0248,0.0492
2019-09-03,0.0472,0.0042,0.0430
2019-09-02,0.0337,-0.0083,0.0420
2019-08-30,0.0272,-0.0168,0.0440
2019-08-29,0.0022,-0.0461,0.0483
2019-08-28,-0.0033,-0.0630,0.0598
2019-08-27,0.0132,-0.0623,0.0755
2019-08-26,0.0381,-0.0530,0.0911
2019-08-23,0.0612,-0.0432,0.1044
2019-08-22,0.0959,-0.0193,0.1152
2019-08-21,0.1001,-0.0199,0.1200
2019-08-20,0.0704,-0.0546,0.1249
2019-08-19,0.0681,-0.0705,0.1386
2019-08-16,0.0978,-0.0584,0.1562
2019-08-15,0.1271,-0.0437,0.1708
2019-08-14,0.1556,-0.0261,0.1818
2019-08-13,0.1785,-0.0098,0.1883
2019-08-12,0.1929,0.0022,0.1907
2019-08-09,0.2197,0.0295,0.1902
2019-08-08,0.2313,0.0485,0.1828
2019-08-07,0.2469,0.0762,0.1707
2019-08-06,0.2388,0.0871,0.1516
2019-08-05,0.2228,0.0930,0.1298
2019-08-02,0.2135,0.1070,0.1066
2019-08-01,0.1782,0.0984,0.0798
2019-07-31,0.0938,0.0386,0.0553
2019-07-30,0.0978,0.0522,0.0456
2019-07-29,0.0862,0.0537,0.0325
2019-07-26,0.0793,0.0602,0.0191
2019-07-25,0.0612,0.0571,0.0041
2019-07-24,0.0239,0.0341,-0.0102
2019-07-23,-0.0352,-0.0165,-0.0187
2019-07-22,-0.0215,-0.0069,-0.0146
2019-07-19,-0.0292,-0.0164,-0.0129
2019-07-18,-0.0061,0.0027,-0.0088
2019-07-17,0.0216,0.0310,-0.0094
2019-07-16,0.0311,0.0482,-0.0172
2019-07-15,0.0366,0.0658,-0.0292
2019-07-12,0.0401,0.0858,-0.0457
2019-07-11,0.0246,0.0918,-0.0671
2019-07-10,-0.0189,0.0712,-0.0901
2019-07-08,-0.0579,0.0500,-0.1079
2019-07-05,-0.0772,0.0432,-0.1204
2019-07-04,-0.0866,0.0446,-0.1312
2019-07-03,-0.1105,0.0319,-0.1424
2019-07-02,-0.1262,0.0242,-0.1503
2019-07-01,-0.1118,0.0446,-0.1564
2019-06-28,-0.1050,0.0625,-0.1675
2019-06-27,-0.0989,0.0842,-0.1831
2019-06-26,-0.1070,0.0972,-0.2042
2019-06-25,-0.1208,0.1077,-0.2285
2019-06-24,-0.1378,0.1176,-0.2554
2019-06-21,-0.1798,0.1050,-0.2848
2019-06-19,-0.2420,0.0690,-0.3111
2019-06-18,-0.2742,0.0542,-0.3283
2019-06-17,-0.3010,0.0409,-0.3419
2019-06-14,-0.3176,0.0345,-0.3521
2019-06-13,-0.3322,0.0286,-0.3607
2019-06-12,-0.3520,0.0158,-0.3679
2019-06-11,-0.3458,0.0260,-0.3718
2019-06-10,-0.3532,0.0252,-0.3783
2019-06-07,-0.3544,0.0303,-0.3846
2019-06-06,-0.3640,0.0282,-0.3922
2019-06-05,-0.3914,0.0079,-0.3993
2019-06-04,-0.3962,0.0051,-0.4012
2019-06-03,-0.3904,0.0121,-0.4025
2019-05-31,-0.3906,0.0149,-0.4055
2019-05-30,-0.3822,0.0271,-0.4092
2019-05-29,-0.3719,0.0441,-0.4160
2019-05-28,-0.3534,0.0736,-0.4270
2019-05-27,-0.3552,0.0902,-0.4454
2019-05-24,-0.3717,0.0962,-0.4680
2019-05-23,-0.4210,0.0711,-0.4920
2019-05-22,-0.4695,0.0402,-0.5098
2019-05-21,-0.5043,0.0155,-0.5198
2019-05-20,-0.5200,0.0037,-0.5237
2019-05-17,-0.5183,0.0064,-0.5246
2019-05-16,-0.4972,0.0290,-0.5262
2019-05-15,-0.4948,0.0387,-0.5335
2019-05-14,-0.5109,0.0323,-0.5432
2019-05-13,-0.5219,0.0293,-0.5512
2019-05-10,-0.5255,0.0331,-0.5586
2019-05-09,-0.5406,0.0262,-0.5668
2019-05-08,-0.5674,0.0060,-0.5734
2019-05-07,-0.6065,-0.0316,-0.5749
2019-05-06,-0.6150,-0.0481,-0.5670
2019-05-03,-0.6262,-0.0712,-0.5550
2019-05-02,-0.6099,-0.0727,-0.5372
2019-04-30,-0.5914,-0.0724,-0.5190
2019-04-29,-0.5786,-0.0777,-0.5009
2019-04-26,-0.5783,-0.0968,-0.4815
2019-04-25,-0.5470,-0.0898,-0.4573
2019-04-24,-0.5226,-0.0878,-0.4348
2019-04-23,-0.4889,-0.0760,-0.4129
2019-04-22,-0.4765,-0.0826,-0.3939
2019-04-18,-0.4201,-0.0468,-0.3732
2019-04-17,-0.3654,-0.0039,-0.3615
2019-04-16,-0.3564,0.0041,-0.3606
2019-04-15,-0.3531,0.0085,-0.3616
2019-04-12,-0.3427,0.0210,-0.3637
2019-04-11,-0.3478,0.0211,-0.3690
2019-04-10,-0.3626,0.0117,-0.3742
2019-04-09,-0.4107,-0.0335,-0.3772
2019-04-08,-0.4295,-0.0608,-0.3688
2019-04-05,-0.4320,-0.0784,-0.3536
2019-04-04,-0.4381,-0.1041,-0.3340
2019-04-03,-0.4497,-0.1417,-0.3079
2019-04-02,-0.4009,-0.1284,-0.2725
2019-04-01,-0.3633,-0.1229,-0.2404
2019-03-29,-0.3580,-0.1483,-0.2097
2019-03-28,-0.3337,-0.1611,-0.1726
2019-03-27,-0.3060,-0.1737,-0.1323
2019-03-26,-0.2428,-0.1539,-0.0889
2019-03-25,-0.1850,-0.1346,-0.0504
2019-03-22,-0.1086,-0.0918,-0.0168
2019-03-21,-0.0452,-0.0513,0.0061
2019-03-20,-0.0053,-0.0242,0.0190
2019-03-19,0.0020,-0.0231,0.0250
2019-03-18,-0.0224,-0.0532,0.0308
2019-03-15,-0.0206,-0.0647,0.0441
2019-03-14,0.0094,-0.0509,0.0603
2019-03-13,0.0313,-0.0417,0.0730
2019-03-12,0.0487,-0.0347,0.0834
2019-03-11,0.0518,-0.0403,0.0921
2019-03-08,0.0397,-0.0624,0.1022
2019-03-07,0.0523,-0.0655,0.1178
2019-03-01,0.0848,-0.0493,0.1342
2019-02-28,0.1119,-0.0346,0.1465
2019-02-27,0.1377,-0.0174,0.1552
2019-02-26,0.1422,-0.0173,0.1595
2019-02-25,0.1224,-0.0414,0.1638
2019-02-22,0.1423,-0.0319,0.1742
2019-02-21,0.1197,-0.0625,0.1822
2019-02-20,0.1349,-0.0629,0.1978
2019-02-19,0.1320,-0.0815,0.2135
2019-02-18,0.1549,-0.0790,0.2339
2019-02-15,0.1982,-0.0554,0.2536
2019-02-14,0.2200,-0.0475,0.2675
2019-02-13,0.2100,-0.0693,0.2793
2019-02-12,0.2268,-0.0698,0.2967
2019-02-11,0.2358,-0.0783,0.3141
2019-02-08,0.2448,-0.0889,0.3337
2019-02-07,0.2996,-0.0563,0.3559
2019-02-06,0.3551,-0.0150,0.3700
2019-02-05,0.4563,0.0825,0.3738
2019-02-04,0.4943,0.1412,0.3531
2019-02-01,0.4807,0.1628,0.3178
2019-01-31,0.4247,0.1476,0.2771
2019-01-30,0.3563,0.1160,0.2403
2019-01-29,0.2994,0.0881,0.2112
2019-01-28,0.2397,0.0505,0.1892
2019-01-24,0.2140,0.0374,0.1766
2019-01-23,0.1995,0.0323,0.1672
2019-01-22,0.2260,0.0668,0.1592
2019-01-21,0.2371,0.0946,0.1425
2019-01-18,0.2224,0.1036,0.1188
2019-01-17,0.2238,0.1309,0.0929
2019-01-16,0.2162,0.1560,0.0602
2019-01-15,0.2279,0.2067,0.0212
2019-01-14,0.2129,0.2434,-0.0305
2019-01-11,0.1500,0.2414,-0.0913
2019-01-10,0.0869,0.2386,-0.1517
2019-01-09,-0.0336,0.1777,-0.2113
2019-01-08,-0.0892,0.1666,-0.2558
2019-01-07,-0.1171,0.1803,-0.2974
2019-01-04,-0.1856,0.1569,-0.3425
2019-01-03,-0.2795,0.1022,-0.3817
2019-01-02,-0.3190,0.0883,-0.4073
2018-12-28,-0.3881,0.0413,-0.4294
2018-12-27,-0.3953,0.0444,-0.4397
2018-12-26,-0.3795,0.0713,-0.4508
2018-12-21,-0.3720,0.0965,-0.4686
2018-12-20,-0.3796,0.1132,-0.4927
2018-12-19,-0.3785,0.1425,-0.5210
2018-12-18,-0.4216,0.1350,-0.5566
2018-12-17,-0.4511,0.1393,-0.5904
2018-12-14,-0.4924,0.1329,-0.6252
2018-12-13,-0.5369,0.1216,-0.6585
2018-12-12,-0.5675,0.1213,-0.6888
2018-12-11,-0.6076,0.1116,-0.7192
2018-12-10,-0.6295,0.1176,-0.7471
2018-12-07,-0.6412,0.1353,-0.7765
2018-12-06,-0.6875,0.1228,-0.8103
2018-12-05,-0.7519,0.0891,-0.8410
2018-12-04,-0.7865,0.0768,-0.8633
2018-12-03,-0.8457,0.0368,-0.8825
2018-11-30,-0.9221,-0.0305,-0.8917
2018-11-29,-0.9921,-0.1080,-0.8840
2018-11-28,-1.0048,-0.1478,-0.8570
2018-11-27,-1.0278,-0.2077,-0.8201
2018-11-26,-0.9893,-0.2211,-0.7682
2018-11-23,-0.9410,-0.2281,-0.7129
2018-11-22,-0.9166,-0.2607,-0.6559
2018-11-21,-0.8742,-0.2835,-0.5907
2018-11-19,-0.8175,-0.2977,-0.5198
2018-11-16,-0.7220,-0.2766,-0.4454
2018-11-14,-0.6395,-0.2633,-0.3762
2018-11-13,-0.5331,-0.2227,-0.3104
2018-11-12,-0.4445,-0.1898,-0.2547
2018-11-09,-0.3413,-0.1340,-0.2073
2018-11-08,-0.2117,-0.0379,-0.1738
2018-11-07,-0.0880,0.0763,-0.1643
2018-11-06,-0.0479,0.1355,-0.1834
2018-11-05,-0.0653,0.1519,-0.2172
2018-11-01,-0.1314,0.1238,-0.2552
2018-10-31,-0.1711,0.1151,-0.2862
2018-10-30,-0.2487,0.0662,-0.3149
2018-10-29,-0.2862,0.0453,-0.3315
2018-10-26,-0.3044,0.0384,-0.3428
2018-10-25,-0.2998,0.0526,-0.3524
2018-10-24,-0.2743,0.0913,-0.3656
2018-10-23,-0.2683,0.1201,-0.3884
2018-10-22,-0.2903,0.1281,-0.4184
2018-10-19,-0.3366,0.1138,-0.4504
2018-10-18,-0.3694,0.1095,-0.4789
2018-10-17,-0.4080,0.0983,-0.5063
2018-10-16,-0.4553,0.0755,-0.5308
2018-10-15,-0.4918,0.0579,-0.5497
2018-10-11,-0.5078,0.0564,-0.5642
2018-10-10,-0.5341,0.0442,-0.5783
2018-10-09,-0.5568,0.0326,-0.5893
2018-10-08,-0.5705,0.0269,-0.5975
2018-10-05,-0.6277,-0.0234,-0.6042
2018-10-04,-0.6405,-0.0422,-0.5983
2018-10-03,-0.6476,-0.0598,-0.5878
2018-10-02,-0.6452,-0.0724,-0.5729
2018-10-01,-0.6857,-0.1310,-0.5548
2018-09-28,-0.6613,-0.1392,-0.5220
2018-09-27,-0.6306,-0.1434,-0.4872
2018-09-26,-0.6180,-0.1666,-0.4514
2018-09-25,-0.5918,-0.1821,-0.4097
2018-09-24,-0.5447,-0.1805,-0.3642
2018-09-21,-0.4879,-0.1688,-0.3191
2018-09-20,-0.4306,-0.1537,-0.2769
2018-09-19,-0.3319,-0.0935,-0.2384
2018-09-18,-0.2755,-0.0605,-0.2151
2018-09-17,-0.2453,-0.0453,-0.1999
2018-09-14,-0.2367,-0.0481,-0.1886
2018-09-13,-0.2132,-0.0367,-0.1766
2018-09-12,-0.1903,-0.0229,-0.1674
2018-09-11,-0.1888,-0.0272,-0.1617
2018-09-10,-0.1689,-0.0140,-0.1549
2018-09-06,-0.1563,-0.0049,-0.1514
2018-09-05,-0.0992,0.0509,-0.1501
2018-09-04,-0.0851,0.0778,-0.1629
2018-09-03,-0.0789,0.1034,-0.1823
2018-08-31,-0.0730,0.1351,-0.2082
2018-08-30,-0.0879,0.1541,-0.2419
2018-08-29,-0.1198,0.1607,-0.2805
2018-08-28,-0.1659,0.1547,-0.3206
2018-08-27,-0.2162,0.1431,-0.3593
2018-08-24,-0.2773,0.1178,-0.3951
2018-08-23,-0.3227,0.1018,-0.4245
2018-08-22,-0.3679,0.0821,-0.4500
2018-08-21,-0.4080,0.0625,-0.4705
2018-08-20,-0.4165,0.0696,-0.4861
2018-08-17,-0.4264,0.0771,-0.5035
2018-08-16,-0.4543,0.0685,-0.5228
2018-08-15,-0.5148,0.0252,-0.5399
2018-08-14,-0.5672,-0.0210,-0.5462
2018-08-13,-0.6534,-0.1124,-0.5410
2018-08-10,-0.6795,-0.1667,-0.5129
2018-08-09,-0.6796,-0.2084,-0.4712
2018-08-08,-0.7085,-0.2894,-0.4191
2018-08-07,-0.6842,-0.3374,-0.3468
2018-08-06,-0.5699,-0.3074,-0.2624
2018-08-03,-0.4758,-0.2902,-0.1856
2018-08-02,-0.4037,-0.2907,-0.1130
2018-08-01,-0.3099,-0.2696,-0.0404
2018-07-31,-0.1969,-0.2239,0.0270
2018-07-30,-0.0284,-0.1114,0.0830
2018-07-27,0.0292,-0.0816,0.1109
2018-07-26,0.0922,-0.0391,0.1313
2018-07-25,0.1702,0.0292,0.1410
2018-07-24,0.2103,0.0766,0.1337
2018-07-23,0.2228,0.1082,0.1146
2018-07-20,0.2232,0.1357,0.0876
2018-07-19,0.2124,0.1588,0.0536
2018-07-18,0.2118,0.1979,0.0139
2018-07-17,0.2039,0.2394,-0.0355
2018-07-16,0.1195,0.2149,-0.0954
2018-07-13,0.0101,0.1592,-0.1491
2018-07-12,-0.0482,0.1407,-0.1889
2018-07-11,-0.0711,0.1530,-0.2241
2018-07-10,-0.1083,0.1539,-0.2623
2018-07-06,-0.1869,0.1138,-0.3008
2018-07-05,-0.1980,0.1312,-0.3292
2018-07-04,-0.2133,0.1487,-0.3621
2018-07-03,-0.2297,0.1695,-0.3992
2018-07-02,-0.2504,0.1912,-0.4416
2018-06-29,-0.2905,0.1989,-0.4894
2018-06-28,-0.3700,0.1692,-0.5391
2018-06-27,-0.4539,0.1276,-0.5814
2018-06-26,-0.5187,0.0947,-0.6133
2018-06-25,-0.5602,0.0768,-0.6370
2018-06-22,-0.5726,0.0836,-0.6562
2018-06-21,-0.5729,0.1042,-0.6771
2018-06-20,-0.6209,0.0822,-0.7031
2018-06-19,-0.7159,0.0078,-0.7237
2018-06-18,-0.7912,-0.0656,-0.7256
2018-06-15,-0.7841,-0.0749,-0.7093
2018-06-14,-0.7789,-0.0884,-0.6905
2018-06-13,-0.7742,-0.1058,-0.6684
2018-06-12,-0.6806,-0.0386,-0.6420
2018-06-11,-0.6357,-0.0034,-0.6323
2018-06-08,-0.6089,0.0226,-0.6315
2018-06-07,-0.6289,0.0082,-0.6371
2018-06-06,-0.6025,0.0367,-0.6392
2018-06-05,-0.5805,0.0679,-0.6484
2018-06-04,-0.5693,0.0960,-0.6653
2018-06-01,-0.5978,0.0916,-0.6893
2018-05-30,-0.6600,0.0523,-0.7122
2018-05-29,-0.6951,0.0302,-0.7253
2018-05-28,-0.6841,0.0488,-0.7328
2018-05-25,-0.6997,0.0453,-0.7450
2018-05-24,-0.7360,0.0204,-0.7564
2018-05-23,-0.7899,-0.0285,-0.7615
2018-05-22,-0.7943,-0.0400,-0.7543
2018-05-21,-0.7833,-0.0390,-0.7443
2018-05-18,-0.7527,-0.0182,-0.7346
2018-05-17,-0.7272,0.0028,-0.7300
2018-05-16,-0.6892,0.0416,-0.7307
2018-05-15,-0.6835,0.0577,-0.7411
2018-05-14,-0.6877,0.0679,-0.7556
2018-05-11,-0.7258,0.0467,-0.7725
2018-05-10,-0.7568,0.0274,-0.7842
2018-05-09,-0.7874,0.0036,-0.7910
2018-05-08,-0.7896,0.0024,-0.7919
2018-05-07,-0.8113,-0.0188,-0.7925
2018-05-04,-0.7836,0.0043,-0.7878
2018-05-03,-0.7051,0.0838,-0.7889
2018-05-02,-0.6538,0.1560,-0.8099
2018-04-30,-0.7000,0.1489,-0.8489
2018-04-27,-0.7508,0.1353,-0.8861
2018-04-26,-0.7793,0.1406,-0.9199
2018-04-25,-0.8501,0.1050,-0.9551
2018-04-24,-0.9077,0.0736,-0.9813
2018-04-23,-0.9783,0.0214,-0.9997
2018-04-20,-0.9931,0.0120,-1.0050
2018-04-19,-1.0229,-0.0149,-1.0080
2018-04-18,-1.0308,-0.0265,-1.0043
2018-04-17,-1.0494,-0.0516,-0.9977
2018-04-16,-1.0578,-0.0730,-0.9848
2018-04-13,-1.0348,-0.0682,-0.9666
2018-04-12,-0.9792,-0.0297,-0.9495
2018-04-11,-0.9713,-0.0293,-0.9421
2018-04-10,-0.9676,-0.0328,-0.9348
2018-04-09,-0.9569,-0.0303,-0.9266
2018-04-06,-0.9975,-0.0785,-0.9190
2018-04-05,-1.0114,-0.1121,-0.8994
2018-04-04,-1.0002,-0.1289,-0.8713
2018-04-03,-0.9683,-0.1292,-0.8391
2018-04-02,-0.9583,-0.1515,-0.8068
2018-03-29,-0.9276,-0.1586,-0.7689
2018-03-28,-0.8993,-0.1700,-0.7293
2018-03-27,-0.8592,-0.1724,-0.6868
2018-03-26,-0.7976,-0.1539,-0.6437
2018-03-23,-0.7277,-0.1225,-0.6052
2018-03-22,-0.6596,-0.0850,-0.5746
2018-03-21,-0.6240,-0.0707,-0.5533
2018-03-20,-0.6093,-0.0736,-0.5357
2018-03-19,-0.6509,-0.1336,-0.5173
2018-03-16,-0.6507,-0.1669,-0.4839
2018-03-15,-0.6023,-0.1602,-0.4421
2018-03-14,-0.5064,-0.1043,-0.4021
2018-03-13,-0.4814,-0.1054,-0.3760
2018-03-12,-0.4781,-0.1284,-0.3497
2018-03-09,-0.4212,-0.1036,-0.3176
2018-03-08,-0.3557,-0.0640,-0.2917
2018-03-07,-0.3554,-0.0798,-0.2757
2018-03-06,-0.3551,-0.0993,-0.2557
2018-03-05,-0.3209,-0.0900,-0.2309
2018-03-02,-0.3164,-0.1080,-0.2084
2018-03-01,-0.2898,-0.1084,-0.1814
2018-02-28,-0.2831,-0.1288,-0.1543
2018-02-27,-0.2695,-0.1474,-0.1221
2018-02-26,-0.2482,-0.1630,-0.0852
2018-02-23,-0.2266,-0.1821,-0.0445
2018-02-22,-0.2334,-0.2344,0.0010
2018-02-21,-0.1745,-0.2341,0.0596
2018-02-20,-0.1629,-0.2811,0.1182
2018-02-19,-0.1275,-0.3160,0.1884
2018-02-16,-0.0591,-0.3265,0.2674
2018-02-15,0.0209,-0.3281,0.3491
2018-02-09,0.0729,-0.3582,0.4311
2018-02-08,0.2105,-0.3101,0.5206
2018-02-07,0.3647,-0.2334,0.5982
2018-02-06,0.4463,-0.2102,0.6565
2018-02-05,0.5724,-0.1367,0.7091
2018-02-02,0.7098,-0.0334,0.7432
2018-02-01,0.7781,0.0265,0.7516
2018-01-31,0.7776,0.0326,0.7450
2018-01-30,0.7748,0.0380,0.7368
2018-01-29,0.8108,0.0835,0.7273
2018-01-26,0.8848,0.1783,0.7065
2018-01-25,0.9073,0.2454,0.6619
2018-01-24,0.8891,0.2886,0.6005
2018-01-23,0.8429,0.3145,0.5284
2018-01-22,0.7451,0.2954,0.4498
2018-01-19,0.5973,0.2214,0.3759
2018-01-18,0.4742,0.1537,0.3206
2018-01-17,0.3408,0.0586,0.2822
2018-01-16,0.2521,-0.0154,0.2675
2018-01-15,0.2391,-0.0323,0.2713
2018-01-12,0.2933,0.0139,0.2794
2018-01-11,0.3226,0.0467,0.2759
2018-01-10,0.3472,0.0829,0.2643
2018-01-09,0.3714,0.1279,0.2435
2018-01-08,0.3614,0.1498,0.2116
2018-01-05,0.2974,0.1233,0.1741
2018-01-04,0.2390,0.0957,0.1433
2018-01-03,0.1895,0.0701,0.1194
2018-01-02,0.1255,0.0236,0.1019
2017-12-29,0.0767,-0.0193,0.0960
2017-12-28,0.0692,-0.0315,0.1008
2017-12-27,0.0608,-0.0479,0.1087
2017-12-26,0.0501,-0.0705,0.1206
2017-12-25,0.0479,-0.0903,0.1383
2017-12-22,0.0720,-0.0888,0.1608
2017-12-21,0.1017,-0.0814,0.1831
2017-12-20,0.1401,-0.0633,0.2034
2017-12-19,0.1840,-0.0352,0.2192
2017-12-18,0.2181,-0.0099,0.2280
2017-12-15,0.2411,0.0106,0.2305
2017-12-14,0.2384,0.0106,0.2278
2017-12-13,0.2550,0.0298,0.2252
2017-12-12,0.2470,0.0292,0.2178
2017-12-11,0.2016,-0.0089,0.2104
2017-12-08,0.1956,-0.0170,0.2127
2017-12-07,0.2087,-0.0082,0.2169
2017-12-06,0.2131,-0.0059,0.2190
2017-12-05,0.1892,-0.0313,0.2205
2017-12-04,0.1763,-0.0520,0.2283
2017-12-01,0.1674,-0.0738,0.2413
2017-11-30,0.1802,-0.0796,0.2597
2017-11-29,0.2162,-0.0634,0.2796
2017-11-28,0.2499,-0.0456,0.2955
2017-11-27,0.2749,-0.0319,0.3069
2017-11-24,0.3060,-0.0088,0.3149
2017-11-23,0.3453,0.0282,0.3171
2017-11-22,0.3660,0.0560,0.3100
2017-11-21,0.3596,0.0636,0.2960
2017-11-20,0.3228,0.0426,0.2801
2017-11-17,0.3006,0.0311,0.2695
2017-11-16,0.2791,0.0174,0.2617
2017-11-15,0.2691,0.0117,0.2573
2017-11-14,0.3032,0.0488,0.2544
2017-11-13,0.3321,0.0899,0.2422
2017-11-10,0.3602,0.1405,0.2197
2017-11-09,0.3735,0.1889,0.1846
2017-11-08,0.3748,0.2375,0.1374
2017-11-07,0.3558,0.2778,0.0780
2017-11-06,0.3192,0.3107,0.0086
2017-11-03,0.1844,0.2535,-0.0691
2017-11-02,0.0330,0.1655,-0.1325
2017-11-01,-0.0782,0.0957,-0.1739
2017-10-31,-0.2118,-0.0141,-0.1978
2017-10-30,-0.3132,-0.1189,-0.1943
2017-10-27,-0.2414,-0.0769,-0.1645
2017-10-26,-0.1993,-0.0540,-0.1453
2017-10-25,-0.1407,-0.0089,-0.1318
2017-10-24,-0.1065,0.0231,-0.1296
2017-10-23,-0.0572,0.0781,-0.1354
2017-10-20,-0.0312,0.1237,-0.1549
2017-10-19,-0.0800,0.1058,-0.1858
2017-10-18,-0.1136,0.0987,-0.2123
2017-10-17,-0.1345,0.1024,-0.2369
2017-10-16,-0.1501,0.1124,-0.2625
2017-10-13,-0.1994,0.0913,-0.2907
2017-10-12,-0.2593,0.0541,-0.3135
2017-10-11,-0.2751,0.0519,-0.3270
2017-10-10,-0.2932,0.0468,-0.3400
2017-10-09,-0.2958,0.0559,-0.3517
2017-10-06,-0.3091,0.0566,-0.3656
2017-10-05,-0.3246,0.0552,-0.3798
2017-10-04,-0.3702,0.0234,-0.3936
2017-10-03,-0.4077,-0.0083,-0.3994
2017-10-02,-0.4232,-0.0259,-0.3974
2017-09-29,-0.4247,-0.0338,-0.3909
2017-09-28,-0.4692,-0.0867,-0.3824
2017-09-27,-0.4693,-0.1085,-0.3608
2017-09-26,-0.4402,-0.1066,-0.3336
2017-09-25,-0.4343,-0.1274,-0.3070
2017-09-22,-0.3503,-0.0751,-0.2751
2017-09-21,-0.2837,-0.0274,-0.2564
2017-09-20,-0.2130,0.0365,-0.2495
2017-09-19,-0.1542,0.1045,-0.2586
2017-09-18,-0.1339,0.1508,-0.2848
2017-09-15,-0.1214,0.2011,-0.3225
2017-09-14,-0.1770,0.1958,-0.3727
2017-09-13,-0.2422,0.1794,-0.4217
2017-09-12,-0.3200,0.1465,-0.4665
2017-09-11,-0.4044,0.0988,-0.5032
2017-09-08,-0.4869,0.0409,-0.5279
2017-09-07,-0.5006,0.0375,-0.5381
2017-09-06,-0.5231,0.0244,-0.5475
2017-09-05,-0.5543,-0.0007,-0.5535
2017-09-04,-0.5566,-0.0032,-0.5534
2017-09-01,-0.5564,-0.0039,-0.5526
2017-08-31,-0.5655,-0.0139,-0.5516
2017-08-30,-0.5790,-0.0309,-0.5481
2017-08-29,-0.5838,-0.0434,-0.5404
2017-08-28,-0.6160,-0.0865,-0.5295
2017-08-25,-0.6350,-0.1271,-0.5079
2017-08-24,-0.6234,-0.1473,-0.4761
2017-08-23,-0.6057,-0.1664,-0.4393
2017-08-22,-0.5692,-0.1716,-0.3977
2017-08-21,-0.5347,-0.1800,-0.3548
2017-08-18,-0.4982,-0.1884,-0.3098
2017-08-17,-0.4494,-0.1867,-0.2627
2017-08-16,-0.3959,-0.1799,-0.2160
2017-08-15,-0.3676,-0.1966,-0.1710
2017-08-14,-0.3486,-0.2267,-0.1219
2017-08-11,-0.3508,-0.2856,-0.0652
2017-08-10,-0.3221,-0.3283,0.0062
2017-08-09,-0.2430,-0.3313,0.0883
2017-08-08,-0.1518,-0.3229,0.1711
2017-08-07,-0.0556,-0.3074,0.2518
2017-08-04,0.0578,-0.2708,0.3287
2017-08-03,0.2017,-0.1946,0.3964
2017-08-02,0.3550,-0.0900,0.4450
2017-08-01,0.4671,-0.0004,0.4675
2017-07-31,0.4700,0.0023,0.4676
2017-07-28,0.4617,-0.0054,0.4671
2017-07-27,0.4689,0.0005,0.4684
2017-07-26,0.4784,0.0101,0.4683
2017-07-25,0.5028,0.0371,0.4657
2017-07-24,0.5217,0.0652,0.4565
2017-07-21,0.5279,0.0878,0.4402
2017-07-20,0.5211,0.1029,0.4182
2017-07-19,0.5110,0.1185,0.3925
2017-07-18,0.4875,0.1246,0.3629
2017-07-17,0.4454,0.1137,0.3317
2017-07-14,0.3903,0.0870,0.3033
2017-07-13,0.3234,0.0419,0.2816
2017-07-12,0.2588,-0.0123,0.2711
2017-07-11,0.2286,-0.0456,0.2742
2017-07-10,0.2366,-0.0490,0.2856
2017-07-07,0.2565,-0.0413,0.2978
2017-07-06,0.2875,-0.0207,0.3082
2017-07-05,0.3268,0.0135,0.3133
2017-07-04,0.3581,0.0481,0.3100
2017-07-03,0.3856,0.0877,0.2979
2017-06-30,0.3978,0.1218,0.2760
2017-06-29,0.4005,0.1549,0.2456
2017-06-28,0.3798,0.1730,0.2068
2017-06-27,0.3468,0.1832,0.1636
2017-06-26,0.3180,0.2002,0.1178
2017-06-23,0.2583,0.1906,0.0677
2017-06-22,0.1905,0.1704,0.0201
2017-06-21,0.1389,0.1614,-0.0225
2017-06-20,0.0812,0.1441,-0.0629
2017-06-19,0.0512,0.1501,-0.0989
2017-06-16,-0.0021,0.1343,-0.1364
2017-06-15,-0.0488,0.1212,-0.1700
2017-06-14,-0.1215,0.0788,-0.2003
2017-06-13,-0.1753,0.0447,-0.2200
2017-06-12,-0.2199,0.0112,-0.2312
2017-06-09,-0.2514,-0.0174,-0.2340
2017-06-08,-0.2644,-0.0347,-0.2297
2017-06-07,-0.2853,-0.0644,-0.2210
2017-06-06,-0.2549,-0.0501,-0.2049
2017-06-05,-0.2206,-0.0282,-0.1924
2017-06-02,-0.2082,-0.0229,-0.1853
2017-06-01,-0.2117,-0.0321,-0.1796
2017-05-31,-0.1652,0.0063,-0.1716
2017-05-30,-0.1321,0.0411,-0.1731
2017-05-29,-0.1693,0.0141,-0.1834
2017-05-26,-0.1684,0.0185,-0.1869
2017-05-25,-0.2281,-0.0365,-0.1916
2017-05-24,-0.2724,-0.0899,-0.1824
2017-05-23,-0.3127,-0.1528,-0.1600
2017-05-22,-0.3149,-0.1931,-0.1218
2017-05-19,-0.2682,-0.1947,-0.0735
2017-05-18,-0.2241,-0.1993,-0.0248
2017-05-17,-0.0842,-0.1092,0.0250
2017-05-16,-0.0163,-0.0687,0.0523
2017-05-15,0.0186,-0.0509,0.0695
2017-05-12,0.0435,-0.0387,0.0822
2017-05-11,0.0361,-0.0558,0.0919
2017-05-10,0.0199,-0.0860,0.1059
2017-05-09,-0.0204,-0.1477,0.1274
2017-05-08,-0.0328,-0.1971,0.1643
2017-05-05,0.0028,-0.2108,0.2136
2017-05-04,0.0593,-0.2070,0.2663
2017-05-03,0.1479,-0.1701,0.3180
2017-05-02,0.2812,-0.0793,0.3605
2017-04-28,0.3098,-0.0705,0.3804
2017-04-27,0.3622,-0.0358,0.3980
2017-04-26,0.4085,0.0016,0.4069
2017-04-25,0.4505,0.0440,0.4065
2017-04-24,0.4548,0.0593,0.3955
2017-04-20,0.4384,0.0577,0.3807
2017-04-19,0.4304,0.0641,0.3663
2017-04-18,0.4180,0.0678,0.3502
2017-04-17,0.3910,0.0577,0.3333
2017-04-13,0.3753,0.0565,0.3189
2017-04-12,0.3682,0.0634,0.3048
2017-04-11,0.3567,0.0678,0.2889
2017-04-10,0.3759,0.1040,0.2719
2017-04-07,0.3763,0.1304,0.2459
2017-04-06,0.3655,0.1521,0.2133
2017-04-05,0.3887,0.2133,0.1753
2017-04-04,0.3515,0.2296,0.1220
2017-04-03,0.2252,0.1606,0.0646
2017-03-31,0.1439,0.1194,0.0244
2017-03-30,0.1050,0.1104,-0.0054
2017-03-29,0.0759,0.1089,-0.0330
2017-03-28,0.0325,0.0928,-0.0602
2017-03-27,-0.0258,0.0576,-0.0834
2017-03-24,-0.0898,0.0081,-0.0978
2017-03-23,-0.1429,-0.0430,-0.0999
2017-03-22,-0.1636,-0.0745,-0.0891
2017-03-21,-0.1385,-0.0681,-0.0705
2017-03-20,-0.1138,-0.0604,-0.0534
2017-03-17,-0.1095,-0.0711,-0.0383
2017-03-16,-0.1218,-0.1013,-0.0206
2017-03-15,-0.1172,-0.1219,0.0048
2017-03-14,-0.1248,-0.1601,0.0352
2017-03-13,-0.0708,-0.1461,0.0753
2017-03-10,-0.0271,-0.1389,0.1118
2017-03-09,0.0129,-0.1336,0.1465
2017-03-08,0.0510,-0.1289,0.1799
2017-03-07,0.1032,-0.1089,0.2121
2017-03-06,0.1675,-0.0718,0.2393
2017-03-03,0.1988,-0.0585,0.2573
2017-03-02,0.1789,-0.0930,0.2719
2017-03-01,0.2358,-0.0594,0.2952
2017-02-24,0.2812,-0.0288,0.3101
2017-02-23,0.3648,0.0476,0.3173
2017-02-22,0.4195,0.1142,0.3054
2017-02-21,0.4324,0.1556,0.2768
2017-02-20,0.4094,0.1714,0.2379
2017-02-17,0.4097,0.2146,0.1951
2017-02-16,0.3702,0.2288,0.1414
2017-02-15,0.2907,0.2065,0.0842
2017-02-14,0.2121,0.1795,0.0326
2017-02-13,0.1953,0.2075,-0.0123
2017-02-10,0.1488,0.2130,-0.0642
2017-02-09,0.1197,0.2371,-0.1174
2017-02-08,0.0485,0.2252,-0.1767
2017-02-07,-0.0371,0.1958,-0.2330
2017-02-06,-0.1103,0.1717,-0.2819
2017-02-03,-0.1511,0.1738,-0.3249
2017-02-02,-0.2061,0.1622,-0.3683
2017-02-01,-0.2461,0.1627,-0.4089
2017-01-31,-0.2682,0.1814,-0.4496
2017-01-30,-0.3043,0.1905,-0.4949
2017-01-27,-0.3656,0.1769,-0.5425
2017-01-26,-0.5156,0.0711,-0.5868
2017-01-24,-0.6488,-0.0442,-0.6046
2017-01-23,-0.7142,-0.1207,-0.5935
2017-01-20,-0.6974,-0.1341,-0.5633
2017-01-19,-0.6395,-0.1097,-0.5298
2017-01-18,-0.6131,-0.1107,-0.5024
2017-01-17,-0.5655,-0.0908,-0.4747
2017-01-16,-0.5228,-0.0708,-0.4520
2017-01-13,-0.4988,-0.0645,-0.4343
2017-01-12,-0.4669,-0.0487,-0.4182
2017-01-11,-0.4016,0.0045,-0.4060
2017-01-10,-0.3471,0.0600,-0.4071
2017-01-09,-0.3065,0.1156,-0.4221
2017-01-06,-0.3283,0.1227,-0.4511
2017-01-05,-0.3403,0.1414,-0.4817
2017-01-04,-0.3456,0.1715,-0.5171
2017-01-03,-0.3727,0.1872,-0.5600
2017-01-02,-0.4359,0.1708,-0.6068
2016-12-29,-0.4458,0.2037,-0.6495
2016-12-28,-0.5061,0.1943,-0.7004
2016-12-27,-0.5478,0.2012,-0.7490
2016-12-26,-0.5795,0.2198,-0.7993
2016-12-23,-0.6624,0.1919,-0.8542
2016-12-22,-0.7543,0.1479,-0.9022
2016-12-21,-0.8818,0.0574,-0.9392
2016-12-20,-1.0234,-0.0698,-0.9535
2016-12-19,-1.1119,-0.1758,-0.9361
2016-12-16,-1.0992,-0.2071,-0.8921
2016-12-15,-1.1171,-0.2768,-0.8404
2016-12-14,-0.9541,-0.1829,-0.7712
2016-12-13,-0.8627,-0.1373,-0.7255
2016-12-12,-0.7879,-0.0968,-0.6911
2016-12-09,-0.7047,-0.0378,-0.6669
2016-12-08,-0.6748,-0.0173,-0.6575
2016-12-07,-0.6692,-0.0160,-0.6532
2016-12-06,-0.7177,-0.0685,-0.6492
2016-12-05,-0.6928,-0.0607,-0.6321
2016-12-02,-0.6611,-0.0442,-0.6169
2016-12-01,-0.6229,-0.0171,-0.6058
2016-11-30,-0.5761,0.0254,-0.6016
2016-11-29,-0.5920,0.0159,-0.6079
2016-11-28,-0.6046,0.0073,-0.6119
2016-11-25,-0.6432,-0.0295,-0.6137
2016-11-24,-0.6662,-0.0598,-0.6063
2016-11-23,-0.6934,-0.1020,-0.5914
2016-11-22,-0.7495,-0.1836,-0.5659
2016-11-21,-0.7797,-0.2597,-0.5200
2016-11-18,-0.7050,-0.2499,-0.4551
2016-11-17,-0.6266,-0.2340,-0.3926
2016-11-16,-0.5632,-0.2291,-0.3341
2016-11-14,-0.5157,-0.2389,-0.2768
2016-11-11,-0.4187,-0.2017,-0.2171
2016-11-10,-0.2906,-0.1239,-0.1666
2016-11-09,-0.1745,-0.0388,-0.1357
2016-11-08,-0.1290,-0.0031,-0.1260
2016-11-07,-0.1565,-0.0313,-0.1252
2016-11-04,-0.1613,-0.0439,-0.1174
2016-11-03,-0.1286,-0.0222,-0.1064
2016-11-01,-0.1112,-0.0104,-0.1008
2016-10-31,-0.1062,-0.0079,-0.0982
2016-10-28,-0.0914,0.0049,-0.0963
2016-10-27,-0.0822,0.0153,-0.0975
2016-10-26,-0.0837,0.0176,-0.1013
2016-10-25,-0.0742,0.0314,-0.1057
2016-10-24,-0.0797,0.0338,-0.1135
2016-10-21,-0.0898,0.0322,-0.1220
2016-10-20,-0.1099,0.0201,-0.1300
2016-10-19,-0.1382,-0.0031,-0.1351
2016-10-18,-0.1451,-0.0108,-0.1343
2016-10-17,-0.1560,-0.0244,-0.1316
2016-10-14,-0.0981,0.0274,-0.1255
2016-10-13,-0.0305,0.1019,-0.1323
2016-10-11,-0.0430,0.1148,-0.1578
2016-10-10,-0.0472,0.1393,-0.1865
2016-10-07,-0.1106,0.1108,-0.2213
2016-10-06,-0.1321,0.1170,-0.2490
2016-10-05,-0.1364,0.1419,-0.2783
2016-10-04,-0.1747,0.1391,-0.3138
2016-10-03,-0.2439,0.1046,-0.3485
2016-09-30,-0.3313,0.0434,-0.3747
2016-09-29,-0.3532,0.0323,-0.3855
2016-09-28,-0.3667,0.0270,-0.3936
2016-09-27,-0.3963,0.0040,-0.4004
2016-09-26,-0.3894,0.0120,-0.4014
2016-09-23,-0.3622,0.0422,-0.4044
2016-09-22,-0.3518,0.0631,-0.4149
2016-09-21,-0.3547,0.0759,-0.4307
2016-09-20,-0.3550,0.0947,-0.4497
2016-09-19,-0.4189,0.0545,-0.4733
2016-09-16,-0.4578,0.0291,-0.4869
2016-09-15,-0.5060,-0.0117,-0.4942
2016-09-14,-0.5490,-0.0577,-0.4913
2016-09-13,-0.5680,-0.0911,-0.4769
2016-09-12,-0.5288,-0.0747,-0.4541
2016-09-09,-0.5288,-0.0934,-0.4354
2016-09-08,-0.4889,-0.0768,-0.4120
2016-09-06,-0.4868,-0.0939,-0.3928
2016-09-05,-0.4846,-0.1153,-0.3694
2016-09-02,-0.4537,-0.1131,-0.3406
2016-09-01,-0.4372,-0.1249,-0.3123
2016-08-31,-0.4031,-0.1220,-0.2811
2016-08-30,-0.4020,-0.1515,-0.2505
2016-08-29,-0.3889,-0.1762,-0.2127
2016-08-26,-0.3665,-0.1978,-0.1686
2016-08-25,-0.2884,-0.1692,-0.1192
2016-08-24,-0.2566,-0.1798,-0.0769
2016-08-23,-0.2328,-0.2009,-0.0319
2016-08-22,-0.1828,-0.2011,0.0183
2016-08-19,-0.1180,-0.1866,0.0686
2016-08-18,-0.0337,-0.1489,0.1152
2016-08-17,0.0040,-0.1484,0.1525
2016-08-16,0.0233,-0.1663,0.1896
2016-08-15,0.0747,-0.1564,0.2311
2016-08-12,0.1095,-0.1607,0.2702
2016-08-11,0.1498,-0.1606,0.3104
2016-08-10,0.1541,-0.1965,0.3506
2016-08-09,0.2150,-0.1847,0.3997
2016-08-08,0.2727,-0.1732,0.4458
2016-08-05,0.3423,-0.1469,0.4891
2016-08-04,0.3761,-0.1498,0.5259
2016-08-03,0.4274,-0.1359,0.5633
2016-08-02,0.5274,-0.0699,0.5973
2016-08-01,0.6413,0.0266,0.6148
2016-07-29,0.5985,-0.0096,0.6081
2016-07-28,0.5842,-0.0263,0.6105
2016-07-27,0.6068,-0.0103,0.6171
2016-07-26,0.6539,0.0343,0.6197
2016-07-25,0.6842,0.0731,0.6111
2016-07-22,0.6951,0.1023,0.5928
2016-07-21,0.6878,0.1206,0.5672
2016-07-20,0.6923,0.1552,0.5371
2016-07-19,0.6583,0.1600,0.4983
2016-07-18,0.5841,0.1258,0.4583
2016-07-15,0.5640,0.1371,0.4268
2016-07-14,0.5242,0.1316,0.3925
2016-07-13,0.5074,0.1477,0.3596
2016-07-12,0.4929,0.1702,0.3227
2016-07-11,0.4317,0.1516,0.2801
2016-07-08,0.3430,0.1008,0.2423
2016-07-07,0.2800,0.0629,0.2171
2016-07-06,0.2345,0.0332,0.2013
2016-07-05,0.2443,0.0513,0.1930
2016-07-04,0.2338,0.0536,0.1802
2016-07-01,0.2280,0.0612,0.1668
2016-06-30,0.2079,0.0564,0.1515
2016-06-29,0.1835,0.0461,0.1374
2016-06-28,0.1505,0.0247,0.1259
2016-06-27,0.1699,0.0502,0.1197
2016-06-24,0.1938,0.0867,0.1072
2016-06-23,0.1868,0.1013,0.0855
2016-06-22,0.1547,0.0945,0.0602
2016-06-21,0.1530,0.1165,0.0365
2016-06-20,0.0842,0.0768,0.0074
2016-06-17,0.0538,0.0656,-0.0118
2016-06-16,0.0268,0.0550,-0.0282
2016-06-15,-0.0241,0.0178,-0.0419
2016-06-14,-0.0379,0.0085,-0.0464
2016-06-13,-0.0175,0.0310,-0.0485
2016-06-10,0.0036,0.0599,-0.0562
2016-06-09,0.0170,0.0882,-0.0712
2016-06-08,-0.0146,0.0786,-0.0933
2016-06-07,-0.0954,0.0175,-0.1129
2016-06-06,-0.1480,-0.0307,-0.1173
2016-06-03,-0.1976,-0.0880,-0.1096
2016-06-02,-0.2522,-0.1646,-0.0876
2016-06-01,-0.2758,-0.2293,-0.0464
2016-05-31,-0.2806,-0.2915,0.0109
2016-05-30,-0.2615,-0.3452,0.0838
2016-05-27,-0.1951,-0.3651,0.1701
2016-05-25,-0.1372,-0.3985,0.2614
2016-05-24,-0.0715,-0.4325,0.3610
2016-05-23,0.0312,-0.4379,0.4691
2016-05-20,0.1754,-0.4032,0.5786
2016-05-19,0.3832,-0.2961,0.6794
2016-05-18,0.5275,-0.2259,0.7534
2016-05-17,0.6853,-0.1245,0.8099
2016-05-16,0.7903,-0.0508,0.8410
2016-05-13,0.8143,-0.0394,0.8537
2016-05-12,0.8526,-0.0110,0.8636
2016-05-11,0.8093,-0.0570,0.8663
2016-05-10,0.8229,-0.0577,0.8806
2016-05-09,0.8385,-0.0565,0.8950
2016-05-06,0.9047,-0.0044,0.9091
2016-05-05,0.9447,0.0345,0.9102
2016-05-04,0.9328,0.0312,0.9016
2016-05-03,0.9065,0.0127,0.8938
2016-05-02,0.8421,-0.0486,0.8907
2016-04-29,0.8621,-0.0407,0.9028
2016-04-28,0.8818,-0.0312,0.9130
2016-04-27,0.8475,-0.0732,0.9208
2016-04-26,0.8212,-0.1179,0.9391
2016-04-25,0.8553,-0.1133,0.9686
2016-04-22,0.9679,-0.0290,0.9969
2016-04-20,1.0085,0.0044,1.0041
2016-04-19,1.0821,0.0790,1.0030
2016-04-18,1.1144,0.1311,0.9833
2016-04-15,1.1446,0.1941,0.9505
2016-04-14,1.1622,0.2602,0.9020
2016-04-13,1.1356,0.2986,0.8369
2016-04-12,1.0536,0.2913,0.7623
2016-04-11,0.9295,0.2400,0.6894
2016-04-08,0.7485,0.1191,0.6294
2016-04-07,0.6854,0.0857,0.5997
2016-04-06,0.6867,0.1085,0.5782
2016-04-05,0.6724,0.1213,0.5511
2016-04-04,0.6439,0.1231,0.5208
2016-04-01,0.5988,0.1088,0.4900
2016-03-31,0.5413,0.0784,0.4628
2016-03-30,0.4825,0.0393,0.4432
2016-03-29,0.4408,0.0074,0.4334
2016-03-28,0.4030,-0.0285,0.4315
2016-03-24,0.3942,-0.0444,0.4387
2016-03-23,0.4777,0.0279,0.4498
2016-03-22,0.5228,0.0800,0.4428
2016-03-21,0.5071,0.0843,0.4228
2016-03-18,0.4867,0.0850,0.4017
2016-03-17,0.4415,0.0611,0.3805
2016-03-16,0.3895,0.0243,0.3652
2016-03-15,0.4291,0.0700,0.3591
2016-03-14,0.4961,0.1545,0.3416
2016-03-11,0.5708,0.2678,0.3030
2016-03-10,0.6211,0.3851,0.2360
2016-03-09,0.5420,0.4022,0.1398
2016-03-08,0.4868,0.4476,0.0392
2016-03-07,0.3676,0.4402,-0.0727
2016-03-04,0.2454,0.4281,-0.1827
2016-03-03,0.0477,0.3374,-0.2898
2016-03-02,-0.1374,0.2367,-0.3741
2016-03-01,-0.2657,0.1676,-0.4333
2016-02-29,-0.3633,0.1119,-0.4752
2016-02-26,-0.3984,0.1047,-0.5032
2016-02-25,-0.4000,0.1293,-0.5293
2016-02-24,-0.4153,0.1464,-0.5617
2016-02-23,-0.4430,0.1553,-0.5983
2016-02-22,-0.4994,0.1377,-0.6371
2016-02-19,-0.6143,0.0572,-0.6715
2016-02-18,-0.7294,-0.0436,-0.6858
2016-02-17,-0.7858,-0.1109,-0.6749
2016-02-16,-0.7934,-0.1462,-0.6472
2016-02-15,-0.7943,-0.1836,-0.6107
2016-02-12,-0.7741,-0.2093,-0.5648
2016-02-11,-0.7016,-0.1891,-0.5125
2016-02-10,-0.5176,-0.0524,-0.4652
2016-02-05,-0.4456,0.0065,-0.4521
2016-02-04,-0.3741,0.0796,-0.4537
2016-02-03,-0.4301,0.0434,-0.4736
2016-02-02,-0.4374,0.0470,-0.4844
2016-02-01,-0.3675,0.1287,-0.4962
2016-01-29,-0.4250,0.1034,-0.5284
2016-01-28,-0.5289,0.0253,-0.5542
2016-01-27,-0.5619,-0.0014,-0.5606
2016-01-26,-0.5874,-0.0272,-0.5602
2016-01-22,-0.5619,-0.0085,-0.5534
2016-01-21,-0.5707,-0.0194,-0.5513
2016-01-20,-0.5772,-0.0307,-0.5464
2016-01-19,-0.5763,-0.0375,-0.5387
2016-01-18,-0.5675,-0.0381,-0.5294
2016-01-15,-0.5579,-0.0381,-0.5198
2016-01-14,-0.5461,-0.0358,-0.5103
2016-01-13,-0.5117,-0.0103,-0.5013
2016-01-12,-0.4773,0.0214,-0.4988
2016-01-11,-0.4711,0.0330,-0.5041
2016-01-08,-0.4478,0.0646,-0.5124
2016-01-07,-0.5282,0.0004,-0.5285
2016-01-06,-0.5807,-0.0520,-0.5286
2016-01-05,-0.6301,-0.1144,-0.5156
2016-01-04,-0.6472,-0.1601,-0.4870
2015-12-30,-0.5507,-0.1037,-0.4470
2015-12-29,-0.5171,-0.0960,-0.4211
2015-12-28,-0.5028,-0.1057,-0.3970
2015-12-23,-0.4928,-0.1222,-0.3706
2015-12-22,-0.4799,-0.1398,-0.3401
2015-12-21,-0.3949,-0.0898,-0.3051
2015-12-18,-0.3125,-0.0299,-0.2827
2015-12-17,-0.2566,0.0186,-0.2752
2015-12-16,-0.2748,0.0051,-0.2799
2015-12-15,-0.2771,0.0040,-0.2811
2015-12-14,-0.2519,0.0302,-0.2821
2015-12-11,-0.2444,0.0453,-0.2897
2015-12-10,-0.2546,0.0464,-0.3010
2015-12-09,-0.2760,0.0366,-0.3126
2015-12-08,-0.3770,-0.0552,-0.3218
2015-12-07,-0.3752,-0.0673,-0.3080
2015-12-04,-0.3867,-0.0955,-0.2912
2015-12-03,-0.3886,-0.1213,-0.2673
2015-12-02,-0.4277,-0.1908,-0.2370
2015-12-01,-0.3379,-0.1486,-0.1893
2015-11-30,-0.2282,-0.0761,-0.1521
2015-11-27,-0.1104,0.0227,-0.1331
2015-11-26,-0.0821,0.0567,-0.1387
2015-11-25,-0.1063,0.0466,-0.1529
2015-11-24,-0.0925,0.0721,-0.1646
2015-11-23,-0.1287,0.0539,-0.1826
2015-11-19,-0.1921,0.0039,-0.1961
2015-11-18,-0.2364,-0.0393,-0.1971
2015-11-17,-0.2264,-0.0392,-0.1872
2015-11-16,-0.2558,-0.0783,-0.1774
2015-11-13,-0.2541,-0.0963,-0.1578
2015-11-12,-0.2483,-0.1145,-0.1338
2015-11-11,-0.2387,-0.1335,-0.1052
2015-11-10,-0.1953,-0.1236,-0.0718
2015-11-09,-0.1683,-0.1274,-0.0409
2015-11-06,-0.1038,-0.0947,-0.0090
2015-11-05,-0.0793,-0.0940,0.0146
2015-11-04,-0.0816,-0.1197,0.0381
2015-11-03,-0.0302,-0.0983,0.0681
2015-10-30,-0.0053,-0.0979,0.0926
2015-10-29,0.1136,-0.0035,0.1171
2015-10-28,0.2107,0.0927,0.1180
2015-10-27,0.2120,0.1172,0.0948
2015-10-26,0.1704,0.1049,0.0655
2015-10-23,0.1402,0.1009,0.0393
2015-10-22,0.1335,0.1195,0.0140
2015-10-21,0.0820,0.0979,-0.0158
2015-10-20,0.0830,0.1233,-0.0403
2015-10-19,0.0881,0.1592,-0.0711
2015-10-16,0.0260,0.1370,-0.1109
2015-10-15,-0.0274,0.1178,-0.1452
2015-10-14,-0.0294,0.1453,-0.1746
2015-10-13,0.0336,0.2445,-0.2109
2015-10-09,0.0462,0.3183,-0.2721
2015-10-08,-0.0450,0.3066,-0.3516
2015-10-07,-0.1312,0.2971,-0.4283
2015-10-06,-0.2237,0.2788,-0.5025
2015-10-05,-0.3364,0.2359,-0.5723
2015-10-02,-0.4478,0.1835,-0.6312
2015-10-01,-0.6081,0.0689,-0.6771
2015-09-30,-0.6591,0.0353,-0.6943
2015-09-29,-0.7116,-0.0085,-0.7031
2015-09-28,-0.7486,-0.0475,-0.7010
2015-09-25,-0.6653,0.0238,-0.6891
2015-09-24,-0.6378,0.0573,-0.6951
2015-09-23,-0.6047,0.1047,-0.7094
2015-09-22,-0.6095,0.1261,-0.7356
2015-09-21,-0.6174,0.1497,-0.7671
2015-09-18,-0.6531,0.1514,-0.8045
2015-09-17,-0.6829,0.1595,-0.8423
2015-09-16,-0.7562,0.1261,-0.8822
2015-09-15,-0.8578,0.0560,-0.9137
2015-09-14,-0.9163,0.0114,-0.9277
2015-09-11,-0.9791,-0.0486,-0.9306
2015-09-10,-1.0069,-0.0885,-0.9184
2015-09-09,-0.9874,-0.0911,-0.8963
2015-09-08,-0.9954,-0.1219,-0.8735
2015-09-04,-0.9538,-0.1107,-0.8431
2015-09-03,-0.9193,-0.1039,-0.8154
2015-09-02,-0.9164,-0.1270,-0.7894
2015-09-01,-0.8781,-0.1204,-0.7577
2015-08-31,-0.8235,-0.0959,-0.7276
2015-08-28,-0.7949,-0.0913,-0.7036
2015-08-27,-0.7927,-0.1120,-0.6808
2015-08-26,-0.8633,-0.2105,-0.6528
2015-08-25,-0.8652,-0.2651,-0.6001
2015-08-24,-0.7751,-0.2412,-0.5339
2015-08-21,-0.6913,-0.2177,-0.4736
2015-08-20,-0.6308,-0.2117,-0.4191
2015-08-19,-0.5897,-0.2235,-0.3662
2015-08-18,-0.5400,-0.2296,-0.3103
2015-08-17,-0.5181,-0.2652,-0.2529
2015-08-14,-0.4891,-0.3024,-0.1866
2015-08-13,-0.3819,-0.2709,-0.1110
2015-08-12,-0.3026,-0.2593,-0.0433
2015-08-11,-0.2266,-0.2481,0.0215
2015-08-10,-0.1793,-0.2629,0.0835
2015-08-07,-0.1411,-0.2904,0.1493
2015-08-06,0.0129,-0.2090,0.2219
2015-08-05,0.1358,-0.1384,0.2741
2015-08-04,0.1499,-0.1588,0.3087
2015-08-03,0.1898,-0.1586,0.3484
2015-07-31,0.2210,-0.1670,0.3880
2015-07-30,0.2880,-0.1418,0.4298
2015-07-29,0.3630,-0.1022,0.4652
2015-07-28,0.3552,-0.1357,0.4908
2015-07-27,0.3881,-0.1367,0.5247
2015-07-24,0.4795,-0.0793,0.5589
2015-07-23,0.5674,-0.0113,0.5787
2015-07-22,0.6516,0.0700,0.5815
2015-07-21,0.6356,0.0716,0.5640
2015-07-20,0.6039,0.0577,0.5462
2015-07-17,0.5857,0.0540,0.5317
2015-07-16,0.5512,0.0330,0.5182
2015-07-15,0.5451,0.0351,0.5100
2015-07-14,0.5258,0.0245,0.5012
2015-07-13,0.5296,0.0345,0.4951
2015-07-10,0.5847,0.0982,0.4865
2015-07-08,0.5956,0.1337,0.4619
2015-07-07,0.6292,0.2007,0.4285
2015-07-06,0.6120,0.2337,0.3783
2015-07-03,0.5685,0.2486,0.3199
2015-07-02,0.4954,0.2377,0.2577
2015-07-01,0.3879,0.1896,0.1983
2015-06-30,0.2605,0.1096,0.1509
2015-06-29,0.1529,0.0294,0.1235
2015-06-26,0.1447,0.0286,0.1161
2015-06-25,0.1401,0.0311,0.1090
2015-06-24,0.1391,0.0379,0.1012
2015-06-23,0.1395,0.0477,0.0917
2015-06-22,0.1166,0.0368,0.0798
2015-06-19,0.0999,0.0294,0.0706
2015-06-18,0.0920,0.0288,0.0632
2015-06-17,0.0593,0.0033,0.0560
2015-06-16,0.0734,0.0182,0.0552
2015-06-15,0.0761,0.0254,0.0507
2015-06-12,0.0671,0.0227,0.0443
2015-06-11,0.0610,0.0224,0.0386
2015-06-10,0.0283,-0.0048,0.0330
2015-06-09,-0.0775,-0.1117,0.0342
2015-06-08,-0.0587,-0.1208,0.0622
2015-06-05,-0.0486,-0.1410,0.0924
2015-06-03,-0.0181,-0.1457,0.1276
2015-06-02,0.0020,-0.1620,0.1640
2015-06-01,-0.0013,-0.2059,0.2045
2015-05-29,0.0418,-0.2142,0.2560
2015-05-28,0.1393,-0.1702,0.3096
2015-05-27,0.1713,-0.1808,0.3521
2015-05-26,0.2217,-0.1757,0.3973
2015-05-25,0.2912,-0.1501,0.4413
2015-05-22,0.3241,-0.1547,0.4788
2015-05-21,0.3910,-0.1264,0.5174
2015-05-20,0.4355,-0.1136,0.5490
2015-05-19,0.5184,-0.0591,0.5774
2015-05-18,0.5714,-0.0208,0.5922
2015-05-15,0.5940,-0.0034,0.5974
2015-05-14,0.5816,-0.0166,0.5982
2015-05-13,0.5949,-0.0075,0.6024
2015-05-12,0.6173,0.0130,0.6043
2015-05-11,0.6299,0.0288,0.6010
2015-05-08,0.6360,0.0422,0.5938
2015-05-07,0.6276,0.0443,0.5833
2015-05-06,0.6189,0.0467,0.5722
2015-05-05,0.5947,0.0342,0.5605
2015-05-04,0.5693,0.0173,0.5520
2015-04-30,0.5448,-0.0029,0.5477
2015-04-29,0.4964,-0.0519,0.5484
2015-04-28,0.4437,-0.1176,0.5614
2015-04-27,0.4909,-0.0998,0.5908
2015-04-24,0.5652,-0.0505,0.6157
2015-04-23,0.5797,-0.0486,0.6283
2015-04-22,0.5849,-0.0556,0.6405
2015-04-20,0.6409,-0.0135,0.6544
2015-04-17,0.6925,0.0347,0.6578
2015-04-16,0.7044,0.0553,0.6491
2015-04-15,0.7115,0.0762,0.6353
2015-04-14,0.6918,0.0756,0.6162
2015-04-13,0.7054,0.1081,0.5973
2015-04-10,0.6567,0.0864,0.5703
2015-04-09,0.5953,0.0466,0.5487
2015-04-08,0.5913,0.0543,0.5371
2015-04-07,0.5636,0.0401,0.5235
2015-04-06,0.5494,0.0359,0.5135
2015-04-02,0.5079,0.0034,0.5045
2015-04-01,0.4730,-0.0306,0.5036
2015-03-31,0.4310,-0.0803,0.5113
2015-03-30,0.4518,-0.0796,0.5314
2015-03-27,0.4741,-0.0771,0.5513
2015-03-26,0.5152,-0.0554,0.5706
2015-03-25,0.5642,-0.0202,0.5844
2015-03-24,0.5957,0.0062,0.5894
2015-03-23,0.6401,0.0522,0.5879
2015-03-20,0.6562,0.0813,0.5748
2015-03-19,0.6324,0.0780,0.5545
2015-03-18,0.5994,0.0644,0.5350
2015-03-17,0.5062,-0.0127,0.5189
2015-03-16,0.4740,-0.0480,0.5221
2015-03-13,0.4792,-0.0549,0.5341
2015-03-12,0.5176,-0.0302,0.5478
2015-03-11,0.5409,-0.0145,0.5554
2015-03-10,0.5268,-0.0322,0.5590
2015-03-09,0.5188,-0.0482,0.5671
2015-03-06,0.5594,-0.0197,0.5791
2015-03-05,0.5831,-0.0009,0.5840
2015-03-04,0.6037,0.0194,0.5843
2015-03-03,0.6347,0.0552,0.5794
2015-03-02,0.6267,0.0611,0.5656
2015-02-27,0.6457,0.0954,0.5503
2015-02-26,0.6040,0.0775,0.5265
2015-02-25,0.5892,0.0821,0.5071
2015-02-24,0.6041,0.1175,0.4866
2015-02-23,0.5984,0.1412,0.4572
2015-02-20,0.5842,0.1623,0.4219
2015-02-19,0.5712,0.1898,0.3813
2015-02-18,0.5456,0.2118,0.3339
2015-02-13,0.4939,0.2130,0.2809
2015-02-12,0.4442,0.2165,0.2277
2015-02-11,0.3750,0.2014,0.1736
2015-02-10,0.3542,0.2310,0.1232
2015-02-09,0.2842,0.2188,0.0655
2015-02-06,0.2379,0.2271,0.0108
2015-02-05,0.1718,0.2178,-0.0460
2015-02-04,0.1002,0.2007,-0.1005
2015-02-03,0.0263,0.1769,-0.1506
2015-02-02,-0.0343,0.1606,-0.1949
2015-01-30,-0.0834,0.1516,-0.2350
2015-01-29,-0.1431,0.1298,-0.2729
2015-01-28,-0.2302,0.0752,-0.3054
2015-01-27,-0.2703,0.0539,-0.3242
2015-01-26,-0.3075,0.0302,-0.3377
2015-01-23,-0.2774,0.0678,-0.3452
2015-01-22,-0.2886,0.0736,-0.3622
2015-01-21,-0.3506,0.0300,-0.3806
2015-01-20,-0.3939,-0.0058,-0.3881
2015-01-19,-0.4240,-0.0374,-0.3866
2015-01-16,-0.4316,-0.0544,-0.3772
2015-01-15,-0.4833,-0.1196,-0.3637
2015-01-14,-0.4468,-0.1130,-0.3337
2015-01-13,-0.4214,-0.1159,-0.3055
2015-01-12,-0.3486,-0.0721,-0.2765
2015-01-09,-0.3427,-0.0842,-0.2585
2015-01-08,-0.3884,-0.1510,-0.2374
2015-01-07,-0.3928,-0.1931,-0.1997
2015-01-06,-0.3308,-0.1794,-0.1514
2015-01-05,-0.2262,-0.1197,-0.1066
2015-01-02,-0.1349,-0.0582,-0.0766
2014-12-30,-0.0958,-0.0337,-0.0621
2014-12-29,-0.1595,-0.1059,-0.0537
2014-12-26,-0.1819,-0.1547,-0.0272
2014-12-23,-0.1660,-0.1775,0.0115
2014-12-22,-0.1345,-0.1903,0.0559
2014-12-19,-0.1011,-0.2045,0.1034
2014-12-18,-0.0806,-0.2352,0.1546
2014-12-17,-0.0232,-0.2366,0.2134
2014-12-16,0.0292,-0.2433,0.2725
2014-12-15,0.1174,-0.2159,0.3333
2014-12-12,0.2183,-0.1690,0.3873
2014-12-11,0.2826,-0.1470,0.4296
2014-12-10,0.3187,-0.1476,0.4663
2014-12-09,0.3720,-0.1312,0.5032
2014-12-08,0.4464,-0.0897,0.5360
2014-12-05,0.5330,-0.0254,0.5584
2014-12-04,0.5557,-0.0090,0.5648
2014-12-03,0.6055,0.0385,0.5670
2014-12-02,0.6485,0.0911,0.5574
2014-12-01,0.6750,0.1404,0.5346
2014-11-28,0.7462,0.2467,0.4996
2014-11-27,0.7319,0.2941,0.4379
2014-11-26,0.7043,0.3399,0.3644
2014-11-25,0.6516,0.3722,0.2794
2014-11-24,0.5361,0.3497,0.1863
2014-11-21,0.4185,0.3196,0.0989
2014-11-19,0.2912,0.2722,0.0190
2014-11-18,0.1275,0.1765,-0.0491
2014-11-17,-0.0127,0.0805,-0.0932
2014-11-14,-0.0794,0.0339,-0.1133
2014-11-13,-0.1057,0.0161,-0.1218
2014-11-12,-0.1177,0.0082,-0.1258
2014-11-11,-0.1483,-0.0204,-0.1279
2014-11-10,-0.1128,0.0099,-0.1228
2014-11-07,-0.0576,0.0676,-0.1253
2014-11-06,-0.0423,0.0998,-0.1422
2014-11-05,0.0191,0.1862,-0.1671
2014-11-04,0.0229,0.2366,-0.2137
2014-11-03,-0.0485,0.2243,-0.2728
2014-10-31,-0.1466,0.1823,-0.3289
2014-10-30,-0.2733,0.1012,-0.3745
2014-10-29,-0.3337,0.0661,-0.3998
2014-10-28,-0.4001,0.0162,-0.4163
2014-10-27,-0.4991,-0.0787,-0.4204
2014-10-24,-0.5374,-0.1367,-0.4007
2014-10-23,-0.4925,-0.1260,-0.3665
2014-10-22,-0.4563,-0.1212,-0.3350
2014-10-21,-0.4411,-0.1364,-0.3047
2014-10-20,-0.3771,-0.1065,-0.2706
2014-10-17,-0.3329,-0.0889,-0.2440
2014-10-16,-0.3335,-0.1117,-0.2218
2014-10-15,-0.1921,0.0018,-0.1939
2014-10-14,-0.0931,0.1012,-0.1943
2014-10-13,-0.0161,0.2035,-0.2196
2014-10-10,-0.0714,0.1991,-0.2705
2014-10-09,-0.1249,0.1953,-0.3202
2014-10-08,-0.2033,0.1658,-0.3691
2014-10-07,-0.2767,0.1338,-0.4105
2014-10-06,-0.3842,0.0598,-0.4440
2014-10-03,-0.4656,-0.0067,-0.4589
2014-10-02,-0.4779,-0.0207,-0.4572
2014-10-01,-0.4537,-0.0016,-0.4521
2014-09-30,-0.4439,0.0078,-0.4517
2014-09-29,-0.5003,-0.0467,-0.4536
2014-09-26,-0.5285,-0.0866,-0.4420
2014-09-25,-0.5079,-0.0876,-0.4203
2014-09-24,-0.4831,-0.0847,-0.3984
2014-09-23,-0.4562,-0.0790,-0.3772
2014-09-22,-0.4282,-0.0707,-0.3575
2014-09-19,-0.3838,-0.0440,-0.3398
2014-09-18,-0.3629,-0.0341,-0.3288
2014-09-17,-0.3285,-0.0082,-0.3203
2014-09-16,-0.3246,-0.0064,-0.3182
2014-09-15,-0.3662,-0.0496,-0.3166
2014-09-12,-0.3604,-0.0561,-0.3042
2014-09-11,-0.3040,-0.0138,-0.2902
2014-09-10,-0.2855,0.0013,-0.2868
2014-09-09,-0.2894,-0.0024,-0.2871
2014-09-08,-0.3174,-0.0309,-0.2865
2014-09-05,-0.3367,-0.0579,-0.2788
2014-09-04,-0.3281,-0.0638,-0.2643
2014-09-03,-0.3112,-0.0629,-0.2483
2014-09-02,-0.2910,-0.0584,-0.2326
2014-09-01,-0.2693,-0.0513,-0.2180
2014-08-29,-0.2235,-0.0183,-0.2052
2014-08-28,-0.2183,-0.0177,-0.2006
2014-08-27,-0.1903,0.0059,-0.1962
2014-08-26,-0.1753,0.0223,-0.1976
2014-08-25,-0.1896,0.0136,-0.2032
2014-08-22,-0.2304,-0.0238,-0.2066
2014-08-21,-0.2072,-0.0066,-0.2007
2014-08-20,-0.1464,0.0527,-0.1990
2014-08-19,-0.1025,0.1097,-0.2122
2014-08-18,-0.1388,0.1009,-0.2396
2014-08-15,-0.1959,0.0689,-0.2648
2014-08-14,-0.2555,0.0266,-0.2821
2014-08-13,-0.3142,-0.0254,-0.2887
2014-08-12,-0.3604,-0.0780,-0.2824
2014-08-11,-0.3999,-0.1371,-0.2629
2014-08-08,-0.4352,-0.2066,-0.2286
2014-08-07,-0.3973,-0.2204,-0.1770
2014-08-06,-0.3685,-0.2466,-0.1219
2014-08-05,-0.2839,-0.2237,-0.0602
2014-08-04,-0.2302,-0.2260,-0.0043
2014-08-01,-0.2125,-0.2647,0.0522
2014-07-31,-0.1367,-0.2551,0.1184
2014-07-30,-0.0050,-0.1872,0.1822
2014-07-29,0.1249,-0.1041,0.2290
2014-07-28,0.1651,-0.0899,0.2550
2014-07-25,0.1793,-0.0981,0.2775
2014-07-24,0.1866,-0.1154,0.3020
2014-07-23,0.1949,-0.1359,0.3308
2014-07-22,0.1850,-0.1798,0.3648
2014-07-21,0.1779,-0.2319,0.4098
2014-07-18,0.1946,-0.2732,0.4678
2014-07-17,0.2867,-0.2493,0.5360
2014-07-16,0.4195,-0.1789,0.5984
2014-07-15,0.5446,-0.0985,0.6431
2014-07-14,0.5904,-0.0774,0.6677
2014-07-11,0.6018,-0.0852,0.6871
2014-07-10,0.5989,-0.1095,0.7084
2014-07-08,0.5899,-0.1458,0.7357
2014-07-07,0.6206,-0.1515,0.7722
2014-07-04,0.6549,-0.1552,0.8101
2014-07-03,0.6956,-0.1533,0.8489
2014-07-02,0.7615,-0.1257,0.8872
2014-07-01,0.8812,-0.0374,0.9186
2014-06-30,0.9245,-0.0035,0.9279
2014-06-27,0.9745,0.0457,0.9288
2014-06-26,0.9948,0.0774,0.9174
2014-06-25,1.0044,0.1064,0.8980
2014-06-24,0.9950,0.1235,0.8714
2014-06-23,0.9479,0.1073,0.8406
2014-06-20,0.9446,0.1309,0.8137
2014-06-18,0.9433,0.1623,0.7810
2014-06-17,0.9338,0.1933,0.7404
2014-06-16,0.9180,0.2259,0.6921
2014-06-13,0.8669,0.2312,0.6356
2014-06-11,0.7943,0.2165,0.5778
2014-06-10,0.7090,0.1853,0.5237
2014-06-09,0.5986,0.1212,0.4774
2014-06-06,0.5221,0.0750,0.4471
2014-06-05,0.4787,0.0504,0.4283
2014-06-04,0.4659,0.0502,0.4157
2014-06-03,0.4463,0.0431,0.4032
2014-06-02,0.4029,0.0106,0.3924
2014-05-30,0.3972,0.0074,0.3898
2014-05-29,0.4152,0.0273,0.3879
2014-05-28,0.4046,0.0235,0.3811
2014-05-27,0.3792,0.0040,0.3752
2014-05-26,0.3766,0.0024,0.3742
2014-05-23,0.3520,-0.0216,0.3736
2014-05-22,0.3089,-0.0701,0.3790
2014-05-21,0.2924,-0.1041,0.3965
2014-05-20,0.3031,-0.1194,0.4225
2014-05-19,0.3536,-0.0988,0.4524
2014-05-16,0.3669,-0.1102,0.4771
2014-05-15,0.3779,-0.1267,0.5046
2014-05-14,0.4425,-0.0938,0.5363
2014-05-13,0.4838,-0.0760,0.5598
2014-05-12,0.5247,-0.0541,0.5788
2014-05-09,0.5533,-0.0390,0.5923
2014-05-08,0.5712,-0.0308,0.6020
2014-05-07,0.6076,-0.0021,0.6097
2014-05-06,0.6469,0.0367,0.6103
2014-05-05,0.6341,0.0330,0.6011
2014-05-02,0.6227,0.0298,0.5928
2014-04-30,0.6208,0.0354,0.5854
2014-04-29,0.5906,0.0140,0.5765
2014-04-28,0.5970,0.0239,0.5730
2014-04-25,0.6312,0.0642,0.5670
2014-04-24,0.6422,0.0912,0.5510
2014-04-23,0.6216,0.0934,0.5282
2014-04-22,0.5768,0.0719,0.5048
2014-04-17,0.5123,0.0255,0.4868
2014-04-16,0.4763,-0.0042,0.4805
2014-04-15,0.4545,-0.0270,0.4815
2014-04-14,0.4779,-0.0103,0.4883
2014-04-11,0.4867,-0.0042,0.4909
2014-04-10,0.4908,-0.0011,0.4919
2014-04-09,0.4924,0.0003,0.4922
2014-04-08,0.5021,0.0100,0.4921
2014-04-07,0.5248,0.0352,0.4896
2014-04-04,0.5255,0.0448,0.4808
2014-04-03,0.5660,0.0964,0.4696
2014-04-02,0.5445,0.0990,0.4455
2014-04-01,0.5151,0.0944,0.4207
2014-03-31,0.4907,0.0935,0.3971
2014-03-28,0.4666,0.0928,0.3738
2014-03-27,0.4561,0.1055,0.3506
2014-03-26,0.4434,0.1192,0.3242
2014-03-25,0.4370,0.1426,0.2944
2014-03-24,0.4003,0.1416,0.2588
2014-03-21,0.3604,0.1370,0.2234
2014-03-20,0.3233,0.1342,0.1891
2014-03-19,0.2719,0.1164,0.1556
2014-03-18,0.2171,0.0906,0.1265
2014-03-17,0.1643,0.0604,0.1038
2014-03-14,0.1625,0.0738,0.0887
2014-03-13,0.1853,0.1150,0.0703
2014-03-12,0.1645,0.1231,0.0415
2014-03-11,0.1230,0.1123,0.0107
2014-03-10,0.0496,0.0670,-0.0173
2014-03-07,0.0004,0.0344,-0.0341
2014-03-06,-0.0228,0.0199,-0.0427
2014-03-05,-0.0517,-0.0040,-0.0477
2014-02-28,-0.0637,-0.0170,-0.0467
2014-02-27,-0.0407,0.0018,-0.0424
2014-02-26,-0.0445,-0.0017,-0.0429
2014-02-25,-0.0326,0.0098,-0.0424
2014-02-24,-0.0185,0.0264,-0.0449
2014-02-21,-0.0260,0.0255,-0.0515
2014-02-20,-0.0226,0.0352,-0.0579
2014-02-19,-0.0150,0.0517,-0.0667
2014-02-18,-0.0233,0.0563,-0.0796
2014-02-17,-0.0389,0.0547,-0.0936
2014-02-14,-0.0406,0.0667,-0.1073
2014-02-13,-0.0507,0.0733,-0.1240
2014-02-12,-0.0675,0.0748,-0.1423
2014-02-11,-0.1013,0.0598,-0.1611
2014-02-10,-0.1458,0.0302,-0.1760
2014-02-07,-0.1732,0.0103,-0.1835
2014-02-06,-0.2212,-0.0351,-0.1861
2014-02-05,-0.2434,-0.0660,-0.1774
2014-02-04,-0.2215,-0.0607,-0.1609
2014-02-03,-0.2155,-0.0698,-0.1457
2014-01-31,-0.2076,-0.0793,-0.1283
2014-01-30,-0.2177,-0.1093,-0.1084
2014-01-29,-0.2048,-0.1237,-0.0811
2014-01-28,-0.1813,-0.1311,-0.0502
2014-01-27,-0.1421,-0.1247,-0.0174
2014-01-24,-0.0868,-0.1005,0.0138
2014-01-23,-0.0364,-0.0753,0.0389
2014-01-22,0.0057,-0.0520,0.0577
2014-01-21,0.0152,-0.0556,0.0707
2014-01-20,0.0539,-0.0308,0.0846
2014-01-17,0.0739,-0.0184,0.0923
2014-01-16,0.0958,-0.0012,0.0969
2014-01-15,0.1119,0.0147,0.0972
2014-01-14,0.1280,0.0345,0.0935
2014-01-13,0.1437,0.0588,0.0849
2014-01-10,0.1419,0.0717,0.0702
2014-01-09,0.1267,0.0744,0.0523
2014-01-08,0.1154,0.0817,0.0337
2014-01-07,0.0846,0.0713,0.0133
2014-01-06,0.0469,0.0515,-0.0045
2014-01-03,0.0209,0.0383,-0.0174
2014-01-02,-0.0102,0.0167,-0.0269
2013-12-30,-0.0251,0.0061,-0.0311
2013-12-27,-0.0301,0.0026,-0.0326
2013-12-26,-0.0249,0.0084,-0.0333
2013-12-23,-0.0217,0.0137,-0.0354
2013-12-20,-0.0495,-0.0107,-0.0388
2013-12-19,-0.0665,-0.0304,-0.0361
2013-12-18,-0.0728,-0.0443,-0.0285
2013-12-17,-0.0804,-0.0630,-0.0175
2013-12-16,-0.0957,-0.0940,-0.0017
2013-12-13,-0.0726,-0.0944,0.0218
2013-12-12,-0.0651,-0.1104,0.0454
2013-12-11,-0.0447,-0.1177,0.0730
2013-12-10,0.0025,-0.0999,0.1024
2013-12-09,0.0429,-0.0845,0.1274
2013-12-06,0.0707,-0.0778,0.1485
2013-12-05,0.1039,-0.0640,0.1680
2013-12-04,0.1257,-0.0583,0.1840
2013-12-03,0.1646,-0.0340,0.1986
2013-12-02,0.1909,-0.0161,0.2070
2013-11-29,0.1923,-0.0188,0.2111
2013-11-28,0.1815,-0.0342,0.2158
2013-11-27,0.1799,-0.0444,0.2243
2013-11-26,0.1855,-0.0499,0.2354
2013-11-25,0.1855,-0.0624,0.2479
2013-11-22,0.2020,-0.0615,0.2635
2013-11-21,0.2054,-0.0735,0.2789
2013-11-19,0.2185,-0.0787,0.2972
2013-11-18,0.2335,-0.0834,0.3169
2013-11-14,0.2272,-0.1106,0.3378
2013-11-13,0.2250,-0.1404,0.3654
2013-11-12,0.2672,-0.1334,0.4005
2013-11-11,0.3274,-0.1064,0.4339
2013-11-08,0.3719,-0.0885,0.4605
2013-11-07,0.4200,-0.0626,0.4826
2013-11-06,0.4373,-0.0609,0.4982
2013-11-05,0.4919,-0.0215,0.5135
2013-11-04,0.5300,0.0112,0.5189
2013-11-01,0.5135,-0.0025,0.5161
2013-10-31,0.5114,-0.0052,0.5167
2013-10-30,0.4896,-0.0284,0.5180
2013-10-29,0.5029,-0.0222,0.5251
2013-10-28,0.5078,-0.0228,0.5307
2013-10-25,0.5236,-0.0128,0.5364
2013-10-24,0.5233,-0.0162,0.5396
2013-10-23,0.5546,0.0110,0.5436
2013-10-22,0.5689,0.0280,0.5409
2013-10-21,0.5979,0.0640,0.5339
2013-10-18,0.6085,0.0906,0.5179
2013-10-17,0.6115,0.1162,0.4952
2013-10-16,0.5896,0.1234,0.4662
2013-10-15,0.5613,0.1260,0.4353
2013-10-14,0.5247,0.1209,0.4039
2013-10-11,0.4789,0.1053,0.3736
2013-10-10,0.4385,0.0912,0.3473
2013-10-09,0.4381,0.1136,0.3245
2013-10-08,0.4252,0.1291,0.2961
2013-10-07,0.4100,0.1462,0.2638
2013-10-04,0.3537,0.1264,0.2273
2013-10-03,0.3061,0.1104,0.1957
2013-10-02,0.2645,0.0964,0.1681
2013-10-01,0.2226,0.0786,0.1440
2013-09-30,0.1814,0.0571,0.1244
2013-09-27,0.1563,0.0463,0.1101
2013-09-26,0.0946,-0.0039,0.0985
2013-09-25,0.0767,-0.0228,0.0995
2013-09-24,0.0868,-0.0184,0.1052
2013-09-23,0.1102,0.0004,0.1098
2013-09-20,0.1049,-0.0048,0.1097
2013-09-19,0.1276,0.0167,0.1109
2013-09-18,0.1131,0.0064,0.1067
2013-09-17,0.0960,-0.0091,0.1051
2013-09-16,0.0833,-0.0241,0.1074
2013-09-13,0.0774,-0.0360,0.1134
2013-09-12,0.0796,-0.0428,0.1224
2013-09-11,0.0949,-0.0382,0.1331
2013-09-10,0.1076,-0.0350,0.1427
2013-09-09,0.1194,-0.0320,0.1514
2013-09-06,0.1236,-0.0358,0.1594
2013-09-05,0.1433,-0.0250,0.1684
2013-09-04,0.1771,0.0024,0.1746
2013-09-03,0.1984,0.0243,0.1740
2013-09-02,0.2124,0.0444,0.1679
2013-08-30,0.1991,0.0423,0.1568
2013-08-29,0.1856,0.0393,0.1462
2013-08-28,0.1856,0.0492,0.1364
2013-08-27,0.1920,0.0679,0.1241
2013-08-26,0.1709,0.0638,0.1071
2013-08-23,0.1277,0.0365,0.0912
2013-08-22,0.0859,0.0039,0.0821
2013-08-21,0.0774,-0.0037,0.0811
2013-08-20,0.0715,-0.0105,0.0820
2013-08-19,0.0786,-0.0060,0.0846
2013-08-16,0.0909,0.0048,0.0861
2013-08-15,0.0865,0.0015,0.0849
2013-08-14,0.0904,0.0059,0.0846
2013-08-13,0.0806,-0.0024,0.0831
2013-08-12,0.0734,-0.0103,0.0837
2013-08-09,0.0735,-0.0128,0.0863
2013-08-08,0.0654,-0.0241,0.0895
2013-08-07,0.0612,-0.0343,0.0955
2013-08-06,0.0906,-0.0135,0.1041
2013-08-05,0.1062,-0.0012,0.1074
2013-08-02,0.1039,-0.0038,0.1077
2013-08-01,0.0965,-0.0122,0.1087
2013-07-31,0.0872,-0.0245,0.1117
2013-07-30,0.0743,-0.0436,0.1179
2013-07-29,0.0745,-0.0543,0.1288
2013-07-26,0.1019,-0.0405,0.1423
2013-07-25,0.1168,-0.0357,0.1524
2013-07-24,0.1285,-0.0328,0.1614
2013-07-23,0.1490,-0.0206,0.1696
2013-07-22,0.1677,-0.0070,0.1747
2013-07-19,0.1708,-0.0056,0.1765
2013-07-18,0.1847,0.0069,0.1779
2013-07-17,0.2039,0.0277,0.1762
2013-07-16,0.2298,0.0606,0.1692
2013-07-15,0.2107,0.0566,0.1541
2013-07-12,0.1917,0.0518,0.1399
2013-07-11,0.1927,0.0657,0.1270
2013-07-10,0.1764,0.0659,0.1105
2013-07-08,0.1707,0.0767,0.0941
2013-07-05,0.1743,0.0994,0.0749
2013-07-04,0.1530,0.1029,0.0501
2013-07-03,0.1295,0.1052,0.0243
2013-07-02,0.1006,0.1025,-0.0020
2013-07-01,0.0801,0.1078,-0.0276
2013-06-28,0.0143,0.0689,-0.0546
2013-06-27,-0.0555,0.0163,-0.0718
2013-06-26,-0.1140,-0.0382,-0.0758
2013-06-25,-0.1257,-0.0594,-0.0663
2013-06-24,-0.1133,-0.0618,-0.0514
2013-06-21,-0.0884,-0.0524,-0.0360
2013-06-20,-0.0936,-0.0707,-0.0229
2013-06-19,-0.0656,-0.0604,-0.0052
2013-06-18,-0.0416,-0.0514,0.0099
2013-06-17,-0.0515,-0.0743,0.0227
2013-06-14,-0.0458,-0.0872,0.0413
2013-06-13,-0.0379,-0.1010,0.0631
2013-06-12,-0.0196,-0.1079,0.0883
2013-06-11,0.0197,-0.0956,0.1153
2013-06-10,0.0702,-0.0691,0.1392
2013-06-07,0.1009,-0.0556,0.1565
2013-06-06,0.1504,-0.0201,0.1704
2013-06-05,0.1813,0.0058,0.1754
2013-06-04,0.1777,0.0038,0.1740
2013-06-03,0.1553,-0.0177,0.1730
2013-05-31,0.1410,-0.0365,0.1774
2013-05-29,0.1571,-0.0295,0.1866
2013-05-28,0.1619,-0.0321,0.1939
2013-05-27,0.1417,-0.0602,0.2020
2013-05-24,0.1440,-0.0730,0.2170
2013-05-23,0.1446,-0.0907,0.2353
2013-05-22,0.1664,-0.0915,0.2579
2013-05-21,0.1824,-0.0984,0.2808
2013-05-20,0.2238,-0.0816,0.3054
2013-05-17,0.2799,-0.0459,0.3258
2013-05-16,0.3547,0.0175,0.3373
2013-05-15,0.3714,0.0386,0.3329
2013-05-14,0.3629,0.0397,0.3232
2013-05-13,0.3338,0.0205,0.3133
2013-05-10,0.3322,0.0239,0.3082
2013-05-09,0.3329,0.0306,0.3022
2013-05-08,0.3192,0.0246,0.2946
2013-05-07,0.3080,0.0196,0.2884
2013-05-06,0.2872,0.0037,0.2835
2013-05-03,0.2683,-0.0143,0.2826
2013-05-02,0.2540,-0.0321,0.2861
2013-04-30,0.2490,-0.0452,0.2941
2013-04-29,0.2462,-0.0592,0.3054
2013-04-26,0.2933,-0.0269,0.3203
2013-04-25,0.3373,0.0103,0.3270
2013-04-24,0.3585,0.0341,0.3244
2013-04-23,0.3750,0.0592,0.3159
2013-04-22,0.3649,0.0638,0.3011
2013-04-19,0.3535,0.0683,0.2851
2013-04-18,0.3303,0.0623,0.2680
2013-04-17,0.3210,0.0685,0.2525
2013-04-16,0.3207,0.0853,0.2353
2013-04-15,0.3077,0.0937,0.2140
2013-04-12,0.2980,0.1074,0.1906
2013-04-11,0.2724,0.1086,0.1638
2013-04-10,0.2480,0.1114,0.1366
2013-04-09,0.1961,0.0874,0.1088
2013-04-08,0.1408,0.0539,0.0869
2013-04-05,0.1131,0.0397,0.0734
2013-04-04,0.0925,0.0290,0.0635
2013-04-03,0.0868,0.0305,0.0563
2013-04-02,0.0728,0.0241,0.0487
2013-04-01,0.0604,0.0178,0.0426
2013-03-28,0.0470,0.0089,0.0382
2013-03-27,0.0155,-0.0205,0.0360
2013-03-26,-0.0044,-0.0454,0.0411
2013-03-25,-0.0125,-0.0649,0.0524
2013-03-22,-0.0042,-0.0729,0.0687
2013-03-21,0.0172,-0.0697,0.0869
2013-03-20,0.0271,-0.0772,0.1043
2013-03-19,0.0454,-0.0782,0.1236
2013-03-18,0.0675,-0.0757,0.1432
2013-03-15,0.0899,-0.0722,0.1621
2013-03-14,0.1252,-0.0550,0.1801
2013-03-13,0.1622,-0.0317,0.1939
2013-03-12,0.1940,-0.0078,0.2018
2013-03-11,0.2093,0.0055,0.2038
2013-03-08,0.2139,0.0115,0.2024
2013-03-07,0.2221,0.0226,0.1995
2013-03-06,0.2419,0.0480,0.1939
2013-03-05,0.2440,0.0621,0.1819
2013-03-04,0.2456,0.0793,0.1663
2013-03-01,0.2354,0.0889,0.1465
2013-02-28,0.2151,0.0908,0.1243
2013-02-27,0.1954,0.0938,0.1016
2013-02-26,0.1612,0.0830,0.0781
2013-02-25,0.1233,0.0659,0.0574
2013-02-22,0.0818,0.0409,0.0409
2013-02-21,0.0546,0.0239,0.0307
2013-02-20,0.0442,0.0195,0.0247
2013-02-19,0.0299,0.0101,0.0198
2013-02-18,0.0111,-0.0062,0.0173
2013-02-15,-0.0018,-0.0206,0.0188
2013-02-14,-0.0160,-0.0400,0.0240
2013-02-13,-0.0006,-0.0346,0.0340
2013-02-08,0.0309,-0.0117,0.0426
2013-02-07,0.0538,0.0082,0.0456
2013-02-06,0.0836,0.0401,0.0435
2013-02-05,0.0871,0.0536,0.0335
2013-02-04,0.0706,0.0505,0.0201
2013-02-01,0.0412,0.0338,0.0074
2013-01-31,0.0018,0.0028,-0.0010
2013-01-30,-0.0158,-0.0141,-0.0017
2013-01-29,-0.0204,-0.0222,0.0018
2013-01-28,-0.0411,-0.0485,0.0074
2013-01-24,-0.0371,-0.0566,0.0195
2013-01-23,-0.0253,-0.0589,0.0336
2013-01-22,-0.0197,-0.0680,0.0484
2013-01-21,-0.0134,-0.0788,0.0654
2013-01-18,-0.0052,-0.0903,0.0851
2013-01-17,0.0220,-0.0857,0.1077
2013-01-16,0.0416,-0.0875,0.1291
2013-01-15,0.0813,-0.0696,0.1510
2013-01-14,0.1102,-0.0582,0.1684
2013-01-11,0.1404,-0.0426,0.1829
2013-01-10,0.1829,-0.0107,0.1936
2013-01-09,0.2276,0.0314,0.1963
2013-01-08,0.2675,0.0791,0.1884
2013-01-07,0.2665,0.0979,0.1686
2013-01-04,0.2398,0.0957,0.1442
2013-01-03,0.2057,0.0855,0.1203
2013-01-02,0.1607,0.0618,0.0989
2012-12-28,0.1082,0.0248,0.0834
2012-12-27,0.0762,-0.0010,0.0772
2012-12-26,0.0555,-0.0220,0.0775
2012-12-21,0.0605,-0.0225,0.0830
2012-12-20,0.0614,-0.0272,0.0886
2012-12-19,0.0617,-0.0337,0.0954
2012-12-18,0.0655,-0.0383,0.1038
2012-12-17,0.0676,-0.0458,0.1134
2012-12-14,0.0826,-0.0422,0.1248
2012-12-13,0.0970,-0.0384,0.1354
2012-12-12,0.1081,-0.0369,0.1450
2012-12-11,0.1117,-0.0425,0.1542
2012-12-10,0.1146,-0.0503,0.1648
2012-12-07,0.1251,-0.0523,0.1774
2012-12-06,0.1431,-0.0474,0.1905
2012-12-05,0.1702,-0.0322,0.2023
2012-12-04,0.2083,-0.0020,0.2104
2012-12-03,0.2400,0.0292,0.2109
2012-11-30,0.2645,0.0609,0.2036
2012-11-29,0.2779,0.0895,0.1884
2012-11-28,0.2504,0.0844,0.1660
2012-11-27,0.2228,0.0779,0.1449
2012-11-26,0.2051,0.0797,0.1254
2012-11-23,0.1955,0.0900,0.1055
2012-11-22,0.1841,0.1011,0.0830
2012-11-21,0.1816,0.1239,0.0577
2012-11-19,0.1733,0.1466,0.0268
2012-11-16,0.1512,0.1610,-0.0099
2012-11-14,0.1224,0.1725,-0.0501
2012-11-13,0.1013,0.1946,-0.0933
2012-11-12,0.0677,0.2097,-0.1419
2012-11-09,0.0313,0.2256,-0.1943
2012-11-08,-0.0115,0.2393,-0.2507
2012-11-07,-0.0789,0.2317,-0.3106
2012-11-06,-0.1526,0.2159,-0.3685
2012-11-05,-0.2357,0.1867,-0.4225
2012-11-01,-0.3152,0.1540,-0.4691
2012-10-31,-0.3935,0.1141,-0.5076
2012-10-30,-0.4437,0.0925,-0.5361
2012-10-29,-0.5282,0.0311,-0.5593
2012-10-26,-0.5829,-0.0159,-0.5671
2012-10-25,-0.6223,-0.0592,-0.5631
2012-10-24,-0.6364,-0.0882,-0.5483
2012-10-23,-0.6133,-0.0871,-0.5262
2012-10-22,-0.5418,-0.0373,-0.5045
2012-10-19,-0.5007,-0.0056,-0.4951
2012-10-18,-0.4980,-0.0043,-0.4937
2012-10-17,-0.4810,0.0117,-0.4926
2012-10-16,-0.5015,-0.0060,-0.4956
2012-10-15,-0.5013,-0.0073,-0.4941
2012-10-11,-0.5058,-0.0136,-0.4922
2012-10-10,-0.5239,-0.0350,-0.4888
2012-10-09,-0.5294,-0.0493,-0.4801
2012-10-08,-0.5364,-0.0687,-0.4678
2012-10-05,-0.5582,-0.1076,-0.4506
2012-10-04,-0.5822,-0.1586,-0.4237
2012-10-03,-0.6077,-0.2236,-0.3841
2012-10-02,-0.5685,-0.2403,-0.3281
2012-10-01,-0.5028,-0.2347,-0.2681
2012-09-28,-0.4183,-0.2089,-0.2094
2012-09-27,-0.3121,-0.1550,-0.1572
2012-09-26,-0.2706,-0.1522,-0.1184
2012-09-25,-0.1938,-0.1134,-0.0804
2012-09-24,-0.0900,-0.0379,-0.0520
2012-09-21,-0.0489,-0.0064,-0.0425
2012-09-20,-0.0462,-0.0052,-0.0409
2012-09-19,-0.0764,-0.0367,-0.0396
2012-09-18,-0.0868,-0.0563,-0.0305
2012-09-17,-0.0782,-0.0618,-0.0164
2012-09-14,-0.0452,-0.0443,-0.0009
2012-09-13,-0.0214,-0.0316,0.0102
2012-09-12,0.0346,0.0166,0.0180
2012-09-11,0.0398,0.0259,0.0139
2012-09-10,0.0368,0.0293,0.0074
2012-09-06,0.0535,0.0534,0.0001
2012-09-05,0.0311,0.0443,-0.0132
2012-09-04,0.0091,0.0334,-0.0243
2012-09-03,-0.0033,0.0294,-0.0327
2012-08-31,-0.0233,0.0167,-0.0400
2012-08-30,-0.0291,0.0151,-0.0442
2012-08-29,-0.0535,-0.0055,-0.0480
2012-08-28,-0.0863,-0.0397,-0.0466
2012-08-27,-0.1112,-0.0745,-0.0367
2012-08-24,-0.1129,-0.0948,-0.0181
2012-08-23,-0.0925,-0.0982,0.0056
2012-08-22,-0.0741,-0.1042,0.0302
2012-08-21,-0.0405,-0.0967,0.0562
2012-08-20,0.0114,-0.0690,0.0804
2012-08-17,0.0297,-0.0680,0.0976
2012-08-16,0.0501,-0.0645,0.1146
2012-08-15,0.0632,-0.0676,0.1308
2012-08-14,0.0861,-0.0616,0.1477
2012-08-13,0.1133,-0.0498,0.1631
2012-08-10,0.1459,-0.0296,0.1755
2012-08-09,0.1466,-0.0363,0.1829
2012-08-08,0.1453,-0.0467,0.1920
2012-08-07,0.1355,-0.0682,0.2037
2012-08-06,0.1554,-0.0653,0.2207
2012-08-03,0.1632,-0.0738,0.2370
2012-08-02,0.1620,-0.0935,0.2555
2012-08-01,0.1859,-0.0930,0.2789
2012-07-31,0.2284,-0.0737,0.3021
2012-07-30,0.2867,-0.0339,0.3205
2012-07-27,0.3014,-0.0276,0.3290
2012-07-26,0.3195,-0.0164,0.3359
2012-07-25,0.3588,0.0188,0.3400
2012-07-24,0.3636,0.0282,0.3353
2012-07-23,0.3677,0.0395,0.3283
2012-07-20,0.3812,0.0628,0.3184
2012-07-19,0.3523,0.0497,0.3027
2012-07-18,0.3337,0.0434,0.2903
2012-07-17,0.3210,0.0416,0.2794
2012-07-16,0.2977,0.0287,0.2690
2012-07-13,0.2833,0.0215,0.2618
2012-07-12,0.2779,0.0215,0.2565
2012-07-11,0.2793,0.0282,0.2511
2012-07-10,0.2807,0.0367,0.2440
2012-07-06,0.2809,0.0460,0.2349
2012-07-05,0.2684,0.0451,0.2233
2012-07-04,0.2533,0.0412,0.2121
2012-07-03,0.2477,0.0459,0.2018
2012-07-02,0.2443,0.0540,0.1903
2012-06-29,0.2438,0.0669,0.1768
2012-06-28,0.2302,0.0702,0.1601
2012-06-27,0.1981,0.0555,0.1425
2012-06-26,0.1703,0.0417,0.1287
2012-06-25,0.1379,0.0196,0.1182
2012-06-22,0.1318,0.0184,0.1133
2012-06-21,0.1451,0.0364,0.1087
2012-06-20,0.1492,0.0496,0.0996
2012-06-19,0.1261,0.0389,0.0872
2012-06-18,0.0927,0.0152,0.0775
2012-06-15,0.0922,0.0185,0.0737
2012-06-14,0.1204,0.0513,0.0691
2012-06-13,0.1250,0.0687,0.0562
2012-06-12,0.1194,0.0804,0.0391
2012-06-11,0.0814,0.0624,0.0190
2012-06-08,0.0537,0.0503,0.0034
2012-06-06,0.0220,0.0312,-0.0092
2012-06-05,-0.0270,-0.0100,-0.0170
2012-06-04,-0.0574,-0.0429,-0.0145
2012-06-01,-0.0695,-0.0657,-0.0038
2012-05-31,-0.0778,-0.0904,0.0126
2012-05-30,-0.0934,-0.1286,0.0352
2012-05-29,-0.0801,-0.1474,0.0674
2012-05-28,-0.0712,-0.1754,0.1042
2012-05-25,-0.0691,-0.2172,0.1481
2012-05-24,-0.0262,-0.2286,0.2024
2012-05-23,0.0621,-0.1975,0.2596
2012-05-22,0.1508,-0.1582,0.3089
2012-05-21,0.2272,-0.1213,0.3485
2012-05-18,0.3020,-0.0768,0.3788
2012-05-17,0.3742,-0.0237,0.3980
2012-05-16,0.4232,0.0192,0.4039
2012-05-15,0.4657,0.0666,0.3991
2012-05-14,0.4779,0.0954,0.3825
2012-05-11,0.4742,0.1156,0.3586
2012-05-10,0.4295,0.0997,0.3297
2012-05-09,0.3916,0.0868,0.3048
2012-05-08,0.3588,0.0757,0.2831
2012-05-07,0.3600,0.0958,0.2641
2012-05-04,0.3521,0.1119,0.2402
2012-05-03,0.3381,0.1259,0.2122
2012-05-02,0.2982,0.1175,0.1807
2012-04-30,0.2454,0.0940,0.1514
2012-04-27,0.1744,0.0465,0.1279
2012-04-26,0.1181,0.0018,0.1162
2012-04-25,0.0464,-0.0693,0.1158
2012-04-24,0.0444,-0.0887,0.1331
2012-04-23,0.0528,-0.1025,0.1553
2012-04-20,0.0597,-0.1212,0.1809
2012-04-19,0.1141,-0.0971,0.2112
2012-04-18,0.1555,-0.0800,0.2355
2012-04-17,0.2089,-0.0466,0.2555
2012-04-16,0.2525,-0.0146,0.2672
2012-04-13,0.3046,0.0338,0.2708
2012-04-12,0.3022,0.0398,0.2624
2012-04-11,0.2947,0.0422,0.2525
2012-04-10,0.2910,0.0491,0.2419
2012-04-09,0.2842,0.0546,0.2296
2012-04-05,0.2757,0.0597,0.2160
2012-04-04,0.2421,0.0411,0.2010
2012-04-03,0.2083,0.0175,0.1908
2012-04-02,0.1901,0.0037,0.1864
2012-03-30,0.1543,-0.0311,0.1854
2012-03-29,0.1413,-0.0519,0.1932
2012-03-28,0.1410,-0.0652,0.2062
2012-03-27,0.1347,-0.0878,0.2225
2012-03-26,0.1306,-0.1139,0.2445
2012-03-23,0.1350,-0.1379,0.2729
2012-03-22,0.1659,-0.1415,0.3074
2012-03-21,0.2039,-0.1389,0.3428
2012-03-20,0.2496,-0.1280,0.3775
2012-03-19,0.2837,-0.1258,0.4095
2012-03-16,0.3231,-0.1179,0.4410
2012-03-15,0.3765,-0.0939,0.4704
2012-03-14,0.4171,-0.0769,0.4939
2012-03-13,0.4513,-0.0618,0.5131
2012-03-12,0.4867,-0.0419,0.5286
2012-03-09,0.5216,-0.0175,0.5391
2012-03-08,0.5506,0.0072,0.5434
2012-03-07,0.5811,0.0395,0.5416
2012-03-06,0.6052,0.0735,0.5318
2012-03-05,0.5971,0.0837,0.5134
2012-03-02,0.5693,0.0768,0.4925
2012-03-01,0.5457,0.0725,0.4733
2012-02-29,0.5186,0.0634,0.4552
2012-02-28,0.4981,0.0588,0.4393
2012-02-27,0.4851,0.0605,0.4246
2012-02-24,0.4781,0.0687,0.4095
2012-02-23,0.4559,0.0636,0.3923
2012-02-17,0.4464,0.0700,0.3764
2012-02-16,0.4250,0.0661,0.3589
2012-02-15,0.3687,0.0263,0.3424
2012-02-14,0.3636,0.0278,0.3358
2012-02-13,0.3646,0.0357,0.3289
2012-02-10,0.3760,0.0560,0.3200
2012-02-09,0.3850,0.0791,0.3059
2012-02-08,0.3705,0.0843,0.2862
2012-02-07,0.3474,0.0823,0.2651
2012-02-06,0.3069,0.0624,0.2445
2012-02-03,0.2974,0.0686,0.2289
2012-02-02,0.2604,0.0486,0.2117
2012-02-01,0.2301,0.0305,0.1996
2012-01-31,0.2262,0.0342,0.1920
2012-01-30,0.2189,0.0355,0.1834
2012-01-27,0.2115,0.0370,0.1746
2012-01-26,0.2134,0.0481,0.1653
2012-01-24,0.2147,0.0614,0.1533
2012-01-23,0.2030,0.0651,0.1380
2012-01-20,0.1862,0.0645,0.1217
2012-01-19,0.1573,0.0517,0.1056
2012-01-18,0.1239,0.0312,0.0926
2012-01-16,0.0982,0.0134,0.0848
2012-01-13,0.0869,0.0054,0.0815
2012-01-12,0.0809,0.0008,0.0801
2012-01-11,0.0790,-0.0010,0.0799
2012-01-10,0.0729,-0.0073,0.0802
2012-01-09,0.0748,-0.0072,0.0820
2012-01-06,0.0814,-0.0024,0.0838
2012-01-05,0.0925,0.0081,0.0844
2012-01-04,0.0992,0.0168,0.0824
2012-01-03,0.0920,0.0138,0.0782
2012-01-02,0.0849,0.0102,0.0747
2011-12-29,0.0784,0.0062,0.0722
2011-12-28,0.0719,0.0013,0.0707
2011-12-27,0.0698,-0.0005,0.0703
2011-12-26,0.0682,-0.0023,0.0705
2011-12-23,0.0702,-0.0009,0.0711
2011-12-22,0.0717,0.0004,0.0713
2011-12-21,0.0624,-0.0088,0.0712
2011-12-20,0.0629,-0.0105,0.0734
2011-12-19,0.0573,-0.0187,0.0760
2011-12-16,0.0541,-0.0266,0.0807
2011-12-15,0.0586,-0.0287,0.0873
2011-12-14,0.0667,-0.0278,0.0945
2011-12-13,0.0794,-0.0220,0.1014
2011-12-09,0.0863,-0.0207,0.1070
2011-12-08,0.0887,-0.0235,0.1121
2011-12-07,0.0955,-0.0225,0.1180
2011-12-06,0.1029,-0.0207,0.1236
2011-12-05,0.1108,-0.0179,0.1288
2011-12-02,0.1265,-0.0068,0.1333
2011-12-01,0.1377,0.0027,0.1350
2011-11-30,0.1181,-0.0162,0.1343
2011-11-29,0.0995,-0.0388,0.1383
2011-11-28,0.1018,-0.0462,0.1480
2011-11-25,0.1069,-0.0527,0.1596
2011-11-24,0.1139,-0.0589,0.1728
2011-11-23,0.1236,-0.0639,0.1875
2011-11-22,0.1460,-0.0574,0.2035
2011-11-21,0.1781,-0.0397,0.2178
2011-11-18,0.2146,-0.0131,0.2278
2011-11-17,0.2491,0.0181,0.2310
2011-11-16,0.2686,0.0421,0.2265
2011-11-14,0.2540,0.0380,0.2160
2011-11-11,0.2399,0.0334,0.2065
2011-11-09,0.2296,0.0314,0.1982
2011-11-08,0.2276,0.0373,0.1903
2011-11-07,0.2206,0.0396,0.1810
2011-11-04,0.2135,0.0424,0.1711
2011-11-03,0.1973,0.0368,0.1605
2011-11-01,0.1809,0.0296,0.1513
2011-10-31,0.1755,0.0316,0.1439
2011-10-28,0.1693,0.0333,0.1360
2011-10-24,0.1615,0.0338,0.1277
2011-10-21,0.1518,0.0326,0.1192
2011-10-20,0.1464,0.0353,0.1111
2011-10-19,0.1384,0.0362,0.1023
2011-10-18,0.1260,0.0328,0.0932
2011-10-17,0.1196,0.0346,0.0850
2011-10-14,0.1097,0.0333,0.0764
2011-10-13,0.0976,0.0296,0.0681
2011-10-11,0.0874,0.0267,0.0607
2011-10-10,0.0645,0.0105,0.0540
2011-10-07,0.0343,-0.0170,0.0514
2011-10-06,0.0231,-0.0325,0.0556
2011-10-05,0.0114,-0.0523,0.0637
2011-10-04,0.0167,-0.0601,0.0768
2011-10-03,0.0369,-0.0549,0.0918
2011-09-30,0.0548,-0.0508,0.1056
2011-09-29,0.0726,-0.0457,0.1183
2011-09-28,0.0905,-0.0392,0.1297
2011-09-27,0.1065,-0.0330,0.1395
2011-09-26,0.1255,-0.0223,0.1477
2011-09-23,0.1449,-0.0084,0.1533
2011-09-22,0.1746,0.0192,0.1554
2011-09-21,0.1865,0.0359,0.1506
2011-09-20,0.1854,0.0437,0.1416
2011-09-19,0.1806,0.0499,0.1307
2011-09-16,0.1779,0.0597,0.1182
2011-09-15,0.1729,0.0696,0.1033
2011-09-14,0.1519,0.0660,0.0859
2011-09-13,0.1339,0.0645,0.0694
2011-09-12,0.1172,0.0639,0.0533
2011-09-09,0.1064,0.0691,0.0373
2011-09-08,0.0887,0.0687,0.0200
2011-09-06,0.0627,0.0599,0.0028
2011-09-05,0.0507,0.0629,-0.0121
2011-09-02,0.0290,0.0568,-0.0279
2011-09-01,0.0022,0.0443,-0.0421
2011-08-31,-0.0310,0.0222,-0.0531
2011-08-30,-0.0503,0.0083,-0.0587
2011-08-29,-0.0661,-0.0054,-0.0607
2011-08-26,-0.0864,-0.0270,-0.0594
2011-08-25,-0.1015,-0.0489,-0.0527
2011-08-24,-0.1030,-0.0626,-0.0404
2011-08-23,-0.0961,-0.0713,-0.0248
2011-08-22,-0.0870,-0.0801,-0.0070
2011-08-19,-0.0759,-0.0889,0.0130
2011-08-18,-0.0607,-0.0960,0.0353
2011-08-17,-0.0348,-0.0941,0.0593
2011-08-16,-0.0104,-0.0932,0.0828
2011-08-15,0.0228,-0.0833,0.1061
2011-08-12,0.0506,-0.0763,0.1269
2011-08-11,0.0783,-0.0676,0.1460
2011-08-10,0.1084,-0.0545,0.1629
2011-08-09,0.1432,-0.0333,0.1765
2011-08-08,0.1753,-0.0096,0.1848
2011-08-05,0.2137,0.0265,0.1872
2011-08-04,0.2193,0.0387,0.1806
2011-08-03,0.2265,0.0556,0.1709
2011-08-02,0.2122,0.0551,0.1570
2011-08-01,0.1969,0.0537,0.1433
2011-07-29,0.1777,0.0479,0.1298
2011-07-28,0.1536,0.0358,0.1179
2011-07-27,0.1391,0.0302,0.1089
2011-07-26,0.1420,0.0407,0.1014
2011-07-25,0.1186,0.0274,0.0912
2011-07-22,0.1131,0.0287,0.0844
2011-07-21,0.1124,0.0352,0.0772
2011-07-20,0.0991,0.0307,0.0684
2011-07-19,0.0894,0.0287,0.0607
2011-07-18,0.0805,0.0269,0.0535
2011-07-15,0.0746,0.0278,0.0468
2011-07-14,0.0700,0.0301,0.0399
2011-07-13,0.0571,0.0248,0.0323
2011-07-12,0.0384,0.0123,0.0261
2011-07-11,0.0355,0.0125,0.0230
2011-07-08,0.0314,0.0115,0.0199
2011-07-07,0.0203,0.0032,0.0170
2011-07-06,0.0190,0.0028,0.0162
2011-07-05,0.0174,0.0019,0.0155
2011-07-04,0.0144,-0.0007,0.0151
2011-07-01,0.0043,-0.0110,0.0152
2011-06-30,-0.0081,-0.0261,0.0180
2011-06-29,-0.0183,-0.0428,0.0245
2011-06-28,-0.0167,-0.0519,0.0352
2011-06-27,-0.0073,-0.0554,0.0482
2011-06-24,0.0049,-0.0571,0.0620
2011-06-22,0.0130,-0.0634,0.0763
2011-06-21,0.0294,-0.0627,0.0922
2011-06-20,0.0470,-0.0609,0.1078
2011-06-17,0.0696,-0.0534,0.1231
2011-06-16,0.0986,-0.0378,0.1364
2011-06-15,0.1188,-0.0270,0.1459
2011-06-14,0.1272,-0.0255,0.1526
2011-06-13,0.1337,-0.0253,0.1590
2011-06-10,0.1437,-0.0216,0.1653
2011-06-09,0.1475,-0.0233,0.1708
2011-06-08,0.1502,-0.0264,0.1766
2011-06-07,0.1676,-0.0156,0.1832
2011-06-06,0.1761,-0.0110,0.1871
2011-06-03,0.1813,-0.0085,0.1898
2011-06-02,0.1803,-0.0117,0.1919
2011-06-01,0.1771,-0.0177,0.1948
2011-05-31,0.1799,-0.0194,0.1993
2011-05-30,0.1849,-0.0192,0.2041
2011-05-27,0.1948,-0.0141,0.2089
2011-05-26,0.1985,-0.0140,0.2124
2011-05-25,0.2003,-0.0157,0.2159
2011-05-24,0.1873,-0.0325,0.2198
2011-05-23,0.1835,-0.0445,0.2280
2011-05-20,0.2084,-0.0307,0.2391
2011-05-19,0.2378,-0.0090,0.2468
2011-05-18,0.2601,0.0111,0.2490
2011-05-17,0.2812,0.0350,0.2463
2011-05-13,0.2893,0.0518,0.2375
2011-05-12,0.3035,0.0789,0.2246
2011-05-11,0.3066,0.1018,0.2048
2011-05-09,0.2989,0.1195,0.1794
2011-05-06,0.2650,0.1155,0.1495
2011-05-05,0.1988,0.0782,0.1206
2011-05-04,0.1342,0.0331,0.1011
2011-05-03,0.1326,0.0398,0.0928
2011-05-02,0.1281,0.0452,0.0829
2011-04-29,0.1007,0.0292,0.0716
2011-04-28,0.0813,0.0170,0.0643
2011-04-27,0.0476,-0.0124,0.0601
2011-04-26,0.0423,-0.0209,0.0632
2011-04-25,0.0390,-0.0294,0.0684
2011-04-20,0.0480,-0.0277,0.0757
2011-04-19,0.0562,-0.0264,0.0827
2011-04-18,0.0578,-0.0315,0.0893
2011-04-15,0.0594,-0.0378,0.0971
2011-04-14,0.0708,-0.0358,0.1066
2011-04-13,0.0864,-0.0291,0.1155
2011-04-12,0.0979,-0.0249,0.1228
2011-04-11,0.1142,-0.0148,0.1290
2011-04-08,0.1334,0.0007,0.1327
2011-04-07,0.1467,0.0142,0.1326
2011-04-06,0.1529,0.0239,0.1290
2011-04-04,0.1422,0.0191,0.1231
2011-03-31,0.1193,0.0010,0.1183
2011-03-30,0.0940,-0.0241,0.1180
2011-03-29,0.1068,-0.0173,0.1241
2011-03-28,0.1217,-0.0067,0.1284
2011-03-25,0.1271,-0.0030,0.1301
2011-03-24,0.1224,-0.0084,0.1308
2011-03-23,0.1203,-0.0126,0.1329
2011-03-22,0.1220,-0.0141,0.1361
2011-03-21,0.1326,-0.0070,0.1396
2011-03-18,0.1483,0.0069,0.1414
2011-03-17,0.1606,0.0210,0.1396
2011-03-16,0.1770,0.0426,0.1344
2011-03-15,0.2025,0.0788,0.1237
2011-03-14,0.1989,0.0949,0.1040
2011-03-11,0.1632,0.0829,0.0803
2011-03-10,0.1348,0.0752,0.0596
2011-03-04,0.1047,0.0640,0.0408
2011-03-03,0.0925,0.0677,0.0248
2011-03-02,0.0775,0.0696,0.0079
2011-03-01,0.0695,0.0791,-0.0095
2011-02-28,0.0819,0.1112,-0.0293
2011-02-25,0.0709,0.1280,-0.0571
2011-02-23,0.0451,0.1342,-0.0891
2011-02-22,0.0059,0.1285,-0.1226
2011-02-21,-0.0366,0.1182,-0.1548
2011-02-18,-0.0826,0.1017,-0.1843
2011-02-17,-0.1452,0.0645,-0.2098
2011-02-16,-0.2026,0.0233,-0.2259
2011-02-15,-0.2294,0.0024,-0.2317
2011-02-14,-0.2418,-0.0095,-0.2323
2011-02-11,-0.2537,-0.0237,-0.2299
2011-02-10,-0.2615,-0.0375,-0.2240
2011-02-09,-0.2616,-0.0470,-0.2146
2011-02-08,-0.2380,-0.0351,-0.2029
2011-02-07,-0.2294,-0.0353,-0.1941
2011-02-04,-0.2346,-0.0494,-0.1853
2011-02-03,-0.2250,-0.0521,-0.1729
2011-02-02,-0.1890,-0.0292,-0.1599
2011-02-01,-0.1608,-0.0082,-0.1526
2011-01-31,-0.1481,0.0025,-0.1505
2011-01-28,-0.1398,0.0113,-0.1512
2011-01-27,-0.1339,0.0201,-0.1540
2011-01-26,-0.1449,0.0141,-0.1590
2011-01-24,-0.1594,0.0031,-0.1625
2011-01-21,-0.1628,0.0005,-0.1633
2011-01-20,-0.1525,0.0109,-0.1634
2011-01-19,-0.1545,0.0117,-0.1662
2011-01-18,-0.1614,0.0077,-0.1691
2011-01-17,-0.1700,0.0010,-0.1710
2011-01-14,-0.1713,-0.0000,-0.1713
2011-01-13,-0.1756,-0.0043,-0.1713
2011-01-12,-0.1703,-0.0001,-0.1702
2011-01-11,-0.1708,-0.0006,-0.1702
2011-01-10,-0.1695,0.0006,-0.1700
2011-01-07,-0.1750,-0.0049,-0.1701
2011-01-06,-0.1709,-0.0019,-0.1689
2011-01-05,-0.1687,-0.0003,-0.1684
2011-01-04,-0.1686,-0.0003,-0.1684
2011-01-03,-0.1702,-0.0019,-0.1683
2010-12-30,-0.1860,-0.0182,-0.1678
2010-12-29,-0.1959,-0.0326,-0.1633
2010-12-28,-0.2030,-0.0479,-0.1551
2010-12-27,-0.1990,-0.0558,-0.1432
2010-12-23,-0.1874,-0.0582,-0.1292
2010-12-22,-0.1806,-0.0659,-0.1147
2010-12-21,-0.1713,-0.0731,-0.0982
2010-12-20,-0.1585,-0.0785,-0.0799
2010-12-17,-0.1311,-0.0708,-0.0603
2010-12-16,-0.1101,-0.0675,-0.0426
2010-12-15,-0.0843,-0.0586,-0.0257
2010-12-14,-0.0655,-0.0544,-0.0111
2010-12-13,-0.0467,-0.0492,0.0025
2010-12-10,-0.0235,-0.0383,0.0148
2010-12-09,0.0080,-0.0164,0.0244
2010-12-08,0.0440,0.0155,0.0285
2010-12-07,0.0519,0.0273,0.0246
2010-12-06,0.0525,0.0348,0.0178
2010-12-03,0.0460,0.0369,0.0091
2010-12-02,0.0241,0.0243,-0.0001
2010-12-01,0.0123,0.0185,-0.0062
2010-11-30,0.0000,0.0108,-0.0108
2010-11-29,-0.0105,0.0030,-0.0135
2010-11-26,-0.0192,-0.0049,-0.0143
2010-11-25,-0.0070,0.0061,-0.0131
2010-11-24,-0.0087,0.0059,-0.0146
2010-11-23,-0.0107,0.0054,-0.0161
2010-11-22,-0.0003,0.0171,-0.0174
2010-11-19,0.0103,0.0320,-0.0217
2010-11-18,0.0044,0.0340,-0.0297
2010-11-17,-0.0095,0.0287,-0.0382
2010-11-16,-0.0213,0.0240,-0.0454
2010-11-12,-0.0311,0.0203,-0.0514
2010-11-11,-0.0405,0.0160,-0.0565
2010-11-10,-0.0473,0.0131,-0.0604
2010-11-09,-0.0630,0.0007,-0.0637
2010-11-08,-0.0679,-0.0040,-0.0639
2010-11-05,-0.0684,-0.0055,-0.0629
2010-11-04,-0.0584,0.0031,-0.0615
2010-11-03,-0.0570,0.0053,-0.0623
2010-11-01,-0.0524,0.0112,-0.0636
2010-10-29,-0.0642,0.0022,-0.0664
2010-10-28,-0.0696,-0.0027,-0.0670
2010-10-27,-0.0740,-0.0077,-0.0663
2010-10-26,-0.0912,-0.0269,-0.0644
2010-10-25,-0.0910,-0.0333,-0.0577
2010-10-22,-0.0796,-0.0303,-0.0493
2010-10-21,-0.0583,-0.0165,-0.0418
2010-10-20,-0.0487,-0.0110,-0.0376
2010-10-19,-0.0433,-0.0085,-0.0349
2010-10-18,-0.0231,0.0096,-0.0328
2010-10-15,-0.0123,0.0228,-0.0352
2010-10-14,-0.0106,0.0302,-0.0409
2010-10-13,-0.0181,0.0304,-0.0484
2010-10-11,-0.0319,0.0242,-0.0560
2010-10-08,-0.0429,0.0192,-0.0621
2010-10-07,-0.0594,0.0075,-0.0669
2010-10-06,-0.0587,0.0101,-0.0687
2010-10-05,-0.0543,0.0170,-0.0713
2010-10-04,-0.0735,0.0020,-0.0755
2010-10-01,-0.0775,-0.0015,-0.0760
2010-09-30,-0.0799,-0.0043,-0.0756
2010-09-29,-0.0788,-0.0043,-0.0745
2010-09-28,-0.0773,-0.0038,-0.0735
2010-09-27,-0.0870,-0.0145,-0.0725
2010-09-24,-0.0797,-0.0108,-0.0689
2010-09-23,-0.0636,0.0026,-0.0662
2010-09-22,-0.0601,0.0068,-0.0668
2010-09-21,-0.0623,0.0062,-0.0685
2010-09-20,-0.0735,-0.0034,-0.0701
2010-09-17,-0.0816,-0.0123,-0.0692
2010-09-16,-0.0682,-0.0020,-0.0662
2010-09-15,-0.0491,0.0166,-0.0657
2010-09-14,-0.0403,0.0294,-0.0698
2010-09-13,-0.0547,0.0224,-0.0772
2010-09-10,-0.0671,0.0156,-0.0828
2010-09-09,-0.0830,0.0036,-0.0867
2010-09-08,-0.0904,-0.0028,-0.0876
2010-09-06,-0.0964,-0.0095,-0.0869
2010-09-03,-0.1026,-0.0181,-0.0845
2010-09-02,-0.0958,-0.0158,-0.0800
2010-09-01,-0.1021,-0.0261,-0.0760
2010-08-31,-0.1030,-0.0335,-0.0695
2010-08-30,-0.0985,-0.0374,-0.0611
2010-08-27,-0.0833,-0.0315,-0.0518
2010-08-26,-0.0881,-0.0442,-0.0439
2010-08-25,-0.0583,-0.0254,-0.0329
2010-08-24,-0.0418,-0.0153,-0.0265
2010-08-23,-0.0360,-0.0133,-0.0227
2010-08-20,-0.0317,-0.0124,-0.0194
2010-08-19,-0.0268,-0.0105,-0.0163
2010-08-18,-0.0155,-0.0019,-0.0136
2010-08-17,-0.0081,0.0051,-0.0132
2010-08-16,-0.0086,0.0058,-0.0145
2010-08-13,-0.0118,0.0041,-0.0159
2010-08-12,-0.0080,0.0089,-0.0169
2010-08-11,-0.0026,0.0166,-0.0192
2010-08-10,-0.0053,0.0180,-0.0233
2010-08-09,-0.0122,0.0156,-0.0278
2010-08-06,-0.0158,0.0159,-0.0317
2010-08-05,-0.0141,0.0216,-0.0357
2010-08-04,-0.0177,0.0234,-0.0411
2010-08-03,-0.0313,0.0156,-0.0470
2010-08-02,-0.0503,0.0005,-0.0509
2010-07-30,-0.0600,-0.0090,-0.0510
2010-07-29,-0.0740,-0.0253,-0.0487
2010-07-28,-0.0709,-0.0285,-0.0424
2010-07-27,-0.0629,-0.0276,-0.0353
2010-07-26,-0.0496,-0.0212,-0.0284
2010-07-23,-0.0366,-0.0135,-0.0231
2010-07-22,-0.0245,-0.0048,-0.0197
2010-07-21,-0.0164,0.0021,-0.0185
2010-07-20,0.0023,0.0213,-0.0190
2010-07-19,0.0175,0.0419,-0.0244
2010-07-16,0.0156,0.0505,-0.0348
2010-07-15,0.0105,0.0579,-0.0475
2010-07-14,-0.0157,0.0462,-0.0619
2010-07-13,-0.0397,0.0338,-0.0735
2010-07-12,-0.0789,0.0031,-0.0820
2010-07-08,-0.0971,-0.0143,-0.0827
2010-07-07,-0.1235,-0.0444,-0.0791
2010-07-06,-0.1483,-0.0802,-0.0681
2010-07-05,-0.1517,-0.1037,-0.0480
2010-07-02,-0.1072,-0.0852,-0.0221
2010-07-01,-0.0725,-0.0717,-0.0008
2010-06-30,-0.0333,-0.0504,0.0171
2010-06-29,0.0076,-0.0221,0.0297
2010-06-28,0.0254,-0.0099,0.0353
2010-06-25,0.0375,-0.0002,0.0377
2010-06-24,0.0355,-0.0023,0.0378
2010-06-23,0.0555,0.0171,0.0384
2010-06-22,0.0674,0.0333,0.0341
2010-06-21,0.0775,0.0517,0.0258
2010-06-18,0.0810,0.0682,0.0129
2010-06-17,0.0860,0.0902,-0.0042
2010-06-16,0.0660,0.0927,-0.0267
2010-06-15,0.0390,0.0888,-0.0499
2010-06-14,0.0039,0.0760,-0.0721
2010-06-11,-0.0353,0.0558,-0.0911
2010-06-10,-0.0617,0.0433,-0.1051
2010-06-09,-0.0956,0.0203,-0.1159
2010-06-08,-0.1022,0.0188,-0.1210
2010-06-07,-0.1184,0.0073,-0.1257
2010-06-04,-0.1393,-0.0118,-0.1275
2010-06-02,-0.1409,-0.0164,-0.1245
2010-06-01,-0.1589,-0.0384,-0.1205
2010-05-31,-0.1774,-0.0666,-0.1109
2010-05-28,-0.1801,-0.0859,-0.0942
2010-05-27,-0.1794,-0.1067,-0.0727
2010-05-26,-0.1800,-0.1339,-0.0461
2010-05-25,-0.1495,-0.1369,-0.0126
2010-05-24,-0.1104,-0.1320,0.0216
2010-05-21,-0.0778,-0.1324,0.0546
2010-05-20,-0.0402,-0.1279,0.0878
2010-05-19,0.0335,-0.0863,0.1197
2010-05-18,0.1096,-0.0317,0.1413
2010-05-17,0.1923,0.0431,0.1492
2010-05-14,0.1673,0.0289,0.1385
2010-05-13,0.1682,0.0370,0.1312
2010-05-12,0.1419,0.0199,0.1220
2010-05-11,0.1139,-0.0031,0.1170
2010-05-10,0.1005,-0.0173,0.1178
2010-05-07,0.0984,-0.0238,0.1221
2010-05-06,0.1075,-0.0206,0.1281
2010-05-05,0.1267,-0.0065,0.1332
2010-05-04,0.1331,-0.0017,0.1349
2010-05-03,0.1491,0.0138,0.1353
2010-04-30,0.1442,0.0124,0.1319
2010-04-29,0.1421,0.0133,0.1288
2010-04-28,0.1363,0.0108,0.1255
2010-04-27,0.1345,0.0118,0.1228
2010-04-26,0.1329,0.0131,0.1198
2010-04-23,0.1309,0.0144,0.1165
2010-04-22,0.1194,0.0064,0.1130
2010-04-20,0.0880,-0.0233,0.1114
2010-04-19,0.0836,-0.0336,0.1172
2010-04-16,0.0839,-0.0417,0.1256
2010-04-15,0.0871,-0.0490,0.1360
2010-04-14,0.0930,-0.0553,0.1483
2010-04-13,0.0961,-0.0660,0.1621
2010-04-12,0.0987,-0.0799,0.1786
2010-04-09,0.1261,-0.0724,0.1985
2010-04-08,0.1542,-0.0624,0.2166
2010-04-07,0.1945,-0.0378,0.2323
2010-04-06,0.2415,-0.0003,0.2417
2010-04-05,0.2698,0.0280,0.2418
2010-04-01,0.2765,0.0417,0.2348
2010-03-31,0.2682,0.0439,0.2243
2010-03-30,0.2640,0.0506,0.2134
2010-03-29,0.2649,0.0642,0.2007
2010-03-26,0.2782,0.0935,0.1847
2010-03-25,0.2778,0.1164,0.1613
2010-03-24,0.2686,0.1364,0.1322
2010-03-23,0.2350,0.1369,0.0981
2010-03-22,0.1908,0.1269,0.0639
2010-03-19,0.1276,0.0954,0.0322
2010-03-18,0.0593,0.0510,0.0083
2010-03-17,0.0127,0.0171,-0.0044
2010-03-16,0.0103,0.0190,-0.0087
2010-03-15,0.0056,0.0191,-0.0135
2010-03-12,0.0302,0.0485,-0.0183
2010-03-11,0.0254,0.0558,-0.0304
2010-03-10,0.0101,0.0545,-0.0443
2010-03-09,-0.0033,0.0546,-0.0579
2010-03-08,-0.0169,0.0547,-0.0716
2010-03-05,-0.0339,0.0514,-0.0853
2010-03-04,-0.0562,0.0419,-0.0981
2010-03-03,-0.0731,0.0355,-0.1086
2010-03-02,-0.0839,0.0336,-0.1175
2010-03-01,-0.1067,0.0192,-0.1259
2010-02-26,-0.1291,0.0016,-0.1307
2010-02-25,-0.1327,-0.0017,-0.1311
2010-02-24,-0.1273,0.0033,-0.1307
2010-02-23,-0.1345,-0.0030,-0.1315
2010-02-22,-0.1416,-0.0108,-0.1308
2010-02-19,-0.1486,-0.0206,-0.1281
2010-02-18,-0.1539,-0.0310,-0.1229
2010-02-17,-0.1650,-0.0499,-0.1152
2010-02-12,-0.1513,-0.0486,-0.1027
2010-02-11,-0.1392,-0.0487,-0.0906
2010-02-10,-0.1315,-0.0531,-0.0784
2010-02-09,-0.1126,-0.0475,-0.0651
2010-02-08,-0.0935,-0.0402,-0.0533
2010-02-05,-0.0559,-0.0127,-0.0432
2010-02-04,-0.0292,0.0108,-0.0400
2010-02-03,-0.0238,0.0189,-0.0427
2010-02-02,-0.0457,0.0018,-0.0475
2010-02-01,-0.0500,-0.0021,-0.0479
2010-01-29,-0.0450,0.0024,-0.0474
2010-01-28,-0.0416,0.0064,-0.0480
2010-01-27,-0.0443,0.0053,-0.0496
2010-01-26,-0.0445,0.0063,-0.0509
2010-01-22,-0.0544,-0.0020,-0.0525
2010-01-21,-0.0719,-0.0199,-0.0520
2010-01-20,-0.0594,-0.0124,-0.0470
2010-01-19,-0.0380,0.0059,-0.0439
2010-01-18,-0.0320,0.0133,-0.0454
2010-01-15,-0.0363,0.0124,-0.0487
2010-01-14,-0.0330,0.0188,-0.0518
2010-01-13,-0.0273,0.0292,-0.0565
2010-01-12,-0.0094,0.0544,-0.0638
2010-01-11,0.0043,0.0817,-0.0774
2010-01-08,-0.0022,0.0956,-0.0978
2010-01-07,-0.0218,0.0999,-0.1217
2010-01-06,-0.0566,0.0901,-0.1467
2010-01-05,-0.0814,0.0878,-0.1692
2010-01-04,-0.1139,0.0773,-0.1912
2009-12-29,-0.1593,0.0512,-0.2105
2009-12-28,-0.1736,0.0497,-0.2233
2009-12-24,-0.2005,0.0352,-0.2357
2009-12-23,-0.2211,0.0234,-0.2445
2009-12-22,-0.2438,0.0066,-0.2503
2009-12-21,-0.2564,-0.0044,-0.2520
2009-12-18,-0.2666,-0.0158,-0.2509
2009-12-17,-0.2657,-0.0187,-0.2470
2009-12-16,-0.2590,-0.0167,-0.2423
2009-12-15,-0.2657,-0.0276,-0.2381
2009-12-14,-0.2785,-0.0473,-0.2312
2009-12-11,-0.2914,-0.0720,-0.2194
2009-12-10,-0.3025,-0.1011,-0.2013
2009-12-09,-0.2923,-0.1163,-0.1761
2009-12-08,-0.2296,-0.0826,-0.1470
2009-12-07,-0.1785,-0.0521,-0.1263
2009-12-04,-0.1443,-0.0310,-0.1133
2009-12-03,-0.1104,-0.0048,-0.1056
2009-12-02,-0.0793,0.0251,-0.1044
2009-12-01,-0.0870,0.0236,-0.1106
2009-11-30,-0.1146,0.0020,-0.1165
2009-11-27,-0.1291,-0.0121,-0.1170
2009-11-26,-0.1330,-0.0191,-0.1140
2009-11-25,-0.1279,-0.0187,-0.1092
2009-11-24,-0.1436,-0.0390,-0.1046
2009-11-23,-0.1441,-0.0493,-0.0948
2009-11-19,-0.1288,-0.0464,-0.0825
2009-11-18,-0.0870,-0.0161,-0.0709
2009-11-17,-0.0564,0.0104,-0.0668
2009-11-16,-0.0605,0.0089,-0.0695
2009-11-13,-0.0685,0.0032,-0.0717
2009-11-12,-0.0730,-0.0005,-0.0725
2009-11-11,-0.0721,0.0002,-0.0723
2009-11-10,-0.0725,-0.0001,-0.0724
2009-11-09,-0.0822,-0.0098,-0.0724
2009-11-06,-0.0907,-0.0208,-0.0699
2009-11-05,-0.0850,-0.0203,-0.0647
2009-11-04,-0.0893,-0.0296,-0.0596
2009-11-03,-0.1087,-0.0565,-0.0522
2009-10-30,-0.1233,-0.0852,-0.0381
2009-10-29,-0.0977,-0.0809,-0.0168
2009-10-28,-0.1070,-0.1104,0.0034
2009-10-27,-0.0692,-0.1002,0.0310
2009-10-26,-0.0068,-0.0628,0.0561
2009-10-23,0.0363,-0.0355,0.0718
2009-10-22,0.0635,-0.0171,0.0806
2009-10-21,0.0836,-0.0013,0.0849
2009-10-20,0.1008,0.0156,0.0853
2009-10-19,0.1004,0.0191,0.0814
2009-10-16,0.0800,0.0034,0.0766
2009-10-15,0.0645,-0.0112,0.0757
2009-10-14,0.0566,-0.0219,0.0785
2009-10-13,0.0560,-0.0280,0.0840
2009-10-09,0.0696,-0.0214,0.0910
2009-10-08,0.0881,-0.0082,0.0964
2009-10-07,0.1059,0.0074,0.0984
2009-10-06,0.1075,0.0109,0.0966
2009-10-05,0.0917,-0.0022,0.0938
2009-10-02,0.0844,-0.0100,0.0944
2009-10-01,0.1057,0.0088,0.0969
2009-09-30,0.1364,0.0417,0.0947
2009-09-29,0.1439,0.0597,0.0842
2009-09-28,0.1576,0.0883,0.0693
2009-09-25,0.1441,0.0969,0.0472
2009-09-24,0.1335,0.1105,0.0230
2009-09-23,0.1170,0.1216,-0.0046
2009-09-22,0.1132,0.1482,-0.0350
2009-09-21,0.0785,0.1506,-0.0721
2009-09-18,0.0075,0.1172,-0.1097
2009-09-17,-0.0653,0.0737,-0.1390
2009-09-16,-0.1312,0.0262,-0.1575
2009-09-15,-0.1730,-0.0090,-0.1640
2009-09-14,-0.1701,-0.0084,-0.1618
2009-09-11,-0.1712,-0.0115,-0.1597
2009-09-10,-0.1695,-0.0127,-0.1568
2009-09-09,-0.1745,-0.0209,-0.1536
2009-09-08,-0.1682,-0.0198,-0.1484
2009-09-04,-0.1798,-0.0363,-0.1435
2009-09-03,-0.1765,-0.0421,-0.1344
2009-09-02,-0.1647,-0.0409,-0.1238
2009-09-01,-0.1467,-0.0331,-0.1136
2009-08-31,-0.1272,-0.0218,-0.1054
2009-08-28,-0.1178,-0.0180,-0.0999
2009-08-27,-0.0945,0.0009,-0.0954
2009-08-26,-0.0848,0.0108,-0.0956
2009-08-25,-0.0783,0.0200,-0.0984
2009-08-24,-0.0986,0.0047,-0.1034
2009-08-21,-0.1236,-0.0191,-0.1045
2009-08-20,-0.1435,-0.0437,-0.0998
2009-08-19,-0.1335,-0.0446,-0.0888
2009-08-18,-0.1234,-0.0457,-0.0777
2009-08-17,-0.1209,-0.0547,-0.0663
2009-08-14,-0.1018,-0.0492,-0.0526
