time,SMA
2020-05-06,87.1490
2020-05-05,86.6925
2020-05-04,86.0675
2020-05-01,85.2510
2020-04-30,84.5850
2020-04-29,83.4130
2020-04-28,82.3050
2020-04-27,81.4070
2020-04-24,80.3605
2020-04-23,79.8290
2020-04-22,78.9525
2020-04-21,78.0580
2020-04-20,76.6870
2020-04-17,75.4780
2020-04-16,73.9890
2020-04-15,72.7420
2020-04-14,72.1520
2020-04-13,71.4065
2020-04-09,71.3320
2020-04-08,70.9295
2020-04-07,70.7820
2020-04-06,70.9850
2020-04-03,70.9990
2020-04-02,72.0095
2020-04-01,73.0630
2020-03-31,74.5615
2020-03-30,75.6580
2020-03-27,76.8900
2020-03-26,78.1180
2020-03-25,79.0055
2020-03-24,80.4440
2020-03-23,82.1520
2020-03-20,84.6765
2020-03-19,87.1575
2020-03-18,89.7785
2020-03-17,92.5630
2020-03-16,94.5405
2020-03-13,96.5595
2020-03-12,97.9715
2020-03-11,99.7605
2020-03-10,101.1695
2020-03-09,102.4100
2020-03-06,103.8235
2020-03-05,104.5320
2020-03-04,105.1865
2020-03-03,105.6025
2020-03-02,106.1970
2020-02-28,106.7245
2020-02-27,107.6275
2020-02-26,108.4395
2020-02-25,109.0935
2020-02-24,109.5775
2020-02-21,109.9345
2020-02-20,110.1390
2020-02-19,110.2935
2020-02-18,110.4220
2020-02-14,110.6890
2020-02-13,111.0295
2020-02-12,111.2530
2020-02-11,111.4660
2020-02-10,111.7385
2020-02-07,112.0710
2020-02-06,112.4995
2020-02-05,112.9100
2020-02-04,113.3490
2020-02-03,114.0365
2020-01-31,114.7730
2020-01-30,115.4875
2020-01-29,115.9430
2020-01-28,116.4170
2020-01-27,116.8760
2020-01-24,117.3865
2020-01-23,117.8110
2020-01-22,118.1725
2020-01-21,118.5115
2020-01-17,118.7525
2020-01-16,118.9010
2020-01-15,118.9865
2020-01-14,119.1480
2020-01-13,119.2310
2020-01-10,119.3385
2020-01-09,119.3280
2020-01-08,119.3470
2020-01-07,119.3270
2020-01-06,119.2745
2020-01-03,119.0610
2020-01-02,118.8575
2019-12-31,118.5805
2019-12-30,118.3950
2019-12-27,118.2590
2019-12-26,118.1475
2019-12-24,118.0070
2019-12-23,117.9090
2019-12-20,117.8240
2019-12-19,117.7785
2019-12-18,117.7390
2019-12-17,117.6340
2019-12-16,117.6315
2019-12-13,117.6955
2019-12-12,117.8955
2019-12-11,118.0690
2019-12-10,118.3055
2019-12-09,118.4515
2019-12-06,118.6330
2019-12-05,118.8270
2019-12-04,119.0055
2019-12-03,119.2555
2019-12-02,119.5395
2019-11-29,119.5100
2019-11-27,119.4605
2019-11-26,119.3750
2019-11-25,119.3920
2019-11-22,119.3970
2019-11-21,119.3990
2019-11-20,119.3395
2019-11-19,119.3715
2019-11-18,119.4390
2019-11-15,119.3420
2019-11-14,119.0470
2019-11-13,118.7165
2019-11-12,118.3580
2019-11-11,118.1255
2019-11-08,117.8940
2019-11-07,117.6550
2019-11-06,117.2900
2019-11-05,116.9520
2019-11-04,116.4405
2019-11-01,116.0250
2019-10-31,115.9070
2019-10-30,115.7575
2019-10-29,115.5540
2019-10-28,115.4480
2019-10-25,115.4540
2019-10-24,115.4505
2019-10-23,115.5795
2019-10-22,115.8560
2019-10-21,116.1530
2019-10-18,116.5675
2019-10-17,117.0465
2019-10-16,117.4620
2019-10-15,117.9155
2019-10-14,118.2945
2019-10-11,118.6915
2019-10-10,118.9590
2019-10-09,119.3005
2019-10-08,119.7075
2019-10-07,120.2145
2019-10-04,120.5210
2019-10-03,120.7415
2019-10-02,120.9660
2019-10-01,121.2140
2019-09-30,121.2270
2019-09-27,121.1830
2019-09-26,121.1290
2019-09-25,120.9625
2019-09-24,120.5785
2019-09-23,120.1785
2019-09-20,119.6925
2019-09-19,119.3630
2019-09-18,119.0740
2019-09-17,118.6715
2019-09-16,118.3425
2019-09-13,117.9270
2019-09-12,117.6995
2019-09-11,117.5155
2019-09-10,117.5710
2019-09-09,117.5560
2019-09-06,117.7075
2019-09-05,117.9560
2019-09-04,118.0290
2019-09-03,118.1355
2019-08-30,118.2590
2019-08-29,118.4095
2019-08-28,118.5705
2019-08-27,118.8845
2019-08-26,119.3100
2019-08-23,119.7345
2019-08-22,120.1615
2019-08-21,120.5565
2019-08-20,120.9895
2019-08-19,121.4740
2019-08-16,121.8740
2019-08-15,122.3355
2019-08-14,122.7220
2019-08-13,123.0420
2019-08-12,123.1605
2019-08-09,123.3690
2019-08-08,123.5470
2019-08-07,123.6570
2019-08-06,123.9740
2019-08-05,124.1725
2019-08-02,124.4155
2019-08-01,124.5560
2019-07-31,124.6865
2019-07-30,124.6775
2019-07-29,124.7025
2019-07-26,124.7130
2019-07-25,124.6825
2019-07-24,124.5975
2019-07-23,124.4525
2019-07-22,124.4070
2019-07-19,124.3880
2019-07-18,124.3500
2019-07-17,124.2605
2019-07-16,124.2000
2019-07-15,124.0315
2019-07-12,123.7860
2019-07-11,123.5325
2019-07-10,123.2705
2019-07-09,123.0570
2019-07-08,123.0040
2019-07-05,122.8980
2019-07-03,122.7550
2019-07-02,122.4700
2019-07-01,122.1885
2019-06-28,121.7460
2019-06-27,121.2165
2019-06-26,120.8300
2019-06-25,120.4720
2019-06-24,120.2055
2019-06-21,119.8955
2019-06-20,119.5425
2019-06-19,119.3570
2019-06-18,119.2795
2019-06-17,119.1750
2019-06-14,119.1315
2019-06-13,119.1310
2019-06-12,119.1925
2019-06-11,119.2650
2019-06-10,119.2285
2019-06-07,119.2135
2019-06-06,119.1990
2019-06-05,119.0400
2019-06-04,119.0710
2019-06-03,119.1260
2019-05-31,119.1900
2019-05-30,119.3165
2019-05-29,119.4380
2019-05-28,119.6025
2019-05-24,119.5730
2019-05-23,119.4925
2019-05-22,119.4940
2019-05-21,119.3795
2019-05-20,119.4135
2019-05-17,119.4665
2019-05-16,119.4335
2019-05-15,119.4070
2019-05-14,119.3585
2019-05-13,119.2835
2019-05-10,119.2495
2019-05-09,119.4495
2019-05-08,119.6645
2019-05-07,120.0665
2019-05-06,120.4870
2019-05-03,120.8880
2019-05-02,121.2645
2019-05-01,121.6400
2019-04-30,121.9960
2019-04-29,122.2400
2019-04-26,122.5130
2019-04-25,122.8090
2019-04-24,123.0535
2019-04-23,123.3460
2019-04-22,123.3895
2019-04-18,123.4490
2019-04-17,123.7490
2019-04-16,123.9700
2019-04-15,124.1755
2019-04-12,124.4625
2019-04-11,124.7400
2019-04-10,124.6705
2019-04-09,124.6295
2019-04-08,124.5475
2019-04-05,124.3945
2019-04-04,124.1545
2019-04-03,124.0115
2019-04-02,123.9935
2019-04-01,123.9115
2019-03-29,123.7705
2019-03-28,123.7130
2019-03-27,123.5410
2019-03-26,123.4055
2019-03-25,123.1960
2019-03-22,123.0325
2019-03-21,122.8475
2019-03-20,122.5115
2019-03-19,122.2910
2019-03-18,121.9925
2019-03-15,121.6660
2019-03-14,121.3085
2019-03-13,121.0570
2019-03-12,120.7595
2019-03-11,120.4120
2019-03-08,120.1100
2019-03-07,119.9405
2019-03-06,119.7875
2019-03-05,119.5850
2019-03-04,119.4075
2019-03-01,119.2200
2019-02-28,118.8510
2019-02-27,118.5225
2019-02-26,118.1100
2019-02-25,117.7215
2019-02-22,117.4015
2019-02-21,117.1075
2019-02-20,116.7200
2019-02-19,116.3230
2019-02-15,116.0760
2019-02-14,115.7065
2019-02-13,115.3685
2019-02-12,114.9960
2019-02-11,114.6460
2019-02-08,114.4255
2019-02-07,114.2190
2019-02-06,113.9710
2019-02-05,113.6155
2019-02-04,113.2545
2019-02-01,112.8085
2019-01-31,112.3185
2019-01-30,112.1205
2019-01-29,111.9095
2019-01-28,111.7505
2019-01-25,111.6080
2019-01-24,111.3165
2019-01-23,110.6905
2019-01-22,110.3315
2019-01-18,109.9635
2019-01-17,109.6365
2019-01-16,109.5255
2019-01-15,109.5780
2019-01-14,109.6635
2019-01-11,109.8745
2019-01-10,110.0285
2019-01-09,110.1295
2019-01-08,110.2130
2019-01-07,110.3990
2019-01-04,110.5815
2019-01-03,110.9025
2019-01-02,111.5075
2018-12-31,111.9200
2018-12-28,112.4230
2018-12-27,112.8975
2018-12-26,113.1920
2018-12-24,113.5715
2018-12-21,114.2020
2018-12-20,114.8700
2018-12-19,115.4260
2018-12-18,116.0055
2018-12-17,116.4715
2018-12-14,116.6965
2018-12-13,116.7910
2018-12-12,116.7615
2018-12-11,116.8500
2018-12-10,117.0520
2018-12-07,117.2730
2018-12-06,117.5420
2018-12-04,117.6915
2018-12-03,117.7765
2018-11-30,117.4795
2018-11-29,117.0910
2018-11-28,116.7310
2018-11-27,116.3665
2018-11-26,116.0525
2018-11-23,115.8800
2018-11-21,115.7790
2018-11-20,115.4110
2018-11-19,115.2760
2018-11-16,115.1655
2018-11-15,115.1195
2018-11-14,115.1455
2018-11-13,115.2240
2018-11-12,115.3320
2018-11-09,115.3095
2018-11-08,115.2225
2018-11-07,115.1760
2018-11-06,115.2625
2018-11-05,115.6585
2018-11-02,115.9535
2018-11-01,116.4835
2018-10-31,117.1725
2018-10-30,117.8555
2018-10-29,118.5500
2018-10-26,119.3230
2018-10-25,119.8605
2018-10-24,120.4050
2018-10-23,120.9920
2018-10-22,121.4905
2018-10-19,121.7610
2018-10-18,121.9105
2018-10-17,122.0080
2018-10-16,122.1190
2018-10-15,122.1500
2018-10-12,122.1785
2018-10-11,122.1590
2018-10-10,122.0525
2018-10-09,121.7120
2018-10-08,121.1220
2018-10-05,120.6040
2018-10-04,120.0675
2018-10-03,119.5815
2018-10-02,119.2620
2018-10-01,118.9685
2018-09-28,118.6720
2018-09-27,118.5485
2018-09-26,118.4360
2018-09-25,118.3315
2018-09-24,118.1805
2018-09-21,118.0000
2018-09-20,117.8485
2018-09-19,117.8235
2018-09-18,117.7450
2018-09-17,117.7260
2018-09-14,117.7405
2018-09-13,117.7545
2018-09-12,117.8365
2018-09-11,118.1760
2018-09-10,118.5470
2018-09-07,118.9900
2018-09-06,119.3865
2018-09-05,119.8190
2018-09-04,120.1320
2018-08-31,120.4035
2018-08-30,120.6830
2018-08-29,120.8805
2018-08-28,121.1390
2018-08-27,121.4595
2018-08-24,121.8335
2018-08-23,122.1815
2018-08-22,122.4740
2018-08-21,122.7730
2018-08-20,123.0685
2018-08-17,123.2475
2018-08-16,123.4710
2018-08-15,123.6715
2018-08-14,123.8510
2018-08-13,123.8175
2018-08-10,123.8445
2018-08-09,123.8795
2018-08-08,123.9660
2018-08-07,123.9480
2018-08-06,124.0685
2018-08-03,124.1530
2018-08-02,124.1575
2018-08-01,124.1685
2018-07-31,124.1355
2018-07-30,124.0345
2018-07-27,123.9645
2018-07-26,123.9490
2018-07-25,124.0515
2018-07-24,124.0145
2018-07-23,123.9525
2018-07-20,124.1410
2018-07-19,124.1570
2018-07-18,124.3380
2018-07-17,124.5385
2018-07-16,124.7415
2018-07-13,124.7945
2018-07-12,124.9180
2018-07-11,125.0585
2018-07-10,125.2365
2018-07-09,125.2350
2018-07-06,125.2575
2018-07-05,125.3985
2018-07-03,125.3685
2018-07-02,125.2685
2018-06-29,125.1690
2018-06-28,125.0400
2018-06-27,124.9720
2018-06-26,124.9300
2018-06-25,124.7915
2018-06-22,124.7705
2018-06-21,124.8460
2018-06-20,125.1515
2018-06-19,125.2985
2018-06-18,125.4900
2018-06-15,125.5845
2018-06-14,125.8555
2018-06-13,126.0080
2018-06-12,126.1415
2018-06-11,126.3070
2018-06-08,126.4210
2018-06-07,126.5400
2018-06-06,126.6280
2018-06-05,126.7875
2018-06-04,126.8980
2018-06-01,127.0615
2018-05-31,127.1695
2018-05-30,127.2290
2018-05-29,127.2140
2018-05-25,127.4000
2018-05-24,127.6215
2018-05-23,127.5020
2018-05-22,127.2030
2018-05-21,126.9185
2018-05-18,126.6290
2018-05-17,126.3515
2018-05-16,126.0640
2018-05-15,125.7770
2018-05-14,125.3630
2018-05-11,124.8785
2018-05-10,124.3825
2018-05-09,123.9030
2018-05-08,123.4295
2018-05-07,123.0435
2018-05-04,122.5955
2018-05-03,122.0570
2018-05-02,121.6210
2018-05-01,121.0705
2018-04-30,120.5690
2018-04-27,119.9255
2018-04-26,119.2965
2018-04-25,118.6905
2018-04-24,118.2875
2018-04-23,117.9280
2018-04-20,117.3980
2018-04-19,116.9675
2018-04-18,116.6340
2018-04-17,116.1680
2018-04-16,115.7895
2018-04-13,115.5245
2018-04-12,115.3075
2018-04-11,115.1025
2018-04-10,114.9630
2018-04-09,114.8600
2018-04-06,114.9220
2018-04-05,114.8515
2018-04-04,114.6790
2018-04-03,114.6375
2018-04-02,114.5535
2018-03-29,114.5235
2018-03-28,114.4235
2018-03-27,114.4145
2018-03-26,114.3620
2018-03-23,114.3245
2018-03-22,114.3050
2018-03-21,114.1145
2018-03-20,113.7155
2018-03-19,113.5395
2018-03-16,113.4520
2018-03-15,113.3085
2018-03-14,113.2110
2018-03-13,113.1190
2018-03-12,112.9950
2018-03-09,112.8305
2018-03-08,112.5845
2018-03-07,112.6815
2018-03-06,112.8485
2018-03-05,112.7970
2018-03-02,113.0685
2018-03-01,113.7650
2018-02-28,114.4305
2018-02-27,115.0960
2018-02-26,115.8395
2018-02-23,116.6690
2018-02-22,117.5720
2018-02-21,118.6470
2018-02-20,119.7450
2018-02-16,120.8240
2018-02-15,121.7820
2018-02-14,122.7350
2018-02-13,123.6715
2018-02-12,124.6075
2018-02-09,125.5885
2018-02-08,126.5420
2018-02-07,127.3600
2018-02-06,127.9875
2018-02-05,128.5550
2018-02-02,129.3190
2018-02-01,129.7955
2018-01-31,129.9425
2018-01-30,130.0540
2018-01-29,130.0520
2018-01-26,129.9070
2018-01-25,129.6250
2018-01-24,129.3915
2018-01-23,129.0710
2018-01-22,128.7610
2018-01-19,128.1775
2018-01-18,127.6045
2018-01-17,127.0100
2018-01-16,126.3785
2018-01-12,125.7545
2018-01-11,125.0710
2018-01-10,124.4265
2018-01-09,124.0145
2018-01-08,123.6185
2018-01-05,123.1735
2018-01-04,122.7590
2018-01-03,122.3730
2018-01-02,121.9895
2017-12-29,121.5860
2017-12-28,121.2760
2017-12-27,120.8560
2017-12-26,120.4010
2017-12-22,119.8815
2017-12-21,119.4580
2017-12-20,119.0125
2017-12-19,118.7265
2017-12-18,118.4705
2017-12-15,118.2210
2017-12-14,117.9630
2017-12-13,117.8090
2017-12-12,117.6585
2017-12-11,117.5360
2017-12-08,117.3740
2017-12-07,117.2400
2017-12-06,117.0920
2017-12-05,116.9735
2017-12-04,116.8060
2017-12-01,116.5135
2017-11-30,116.3045
2017-11-29,116.1500
2017-11-28,116.0855
2017-11-27,115.9825
2017-11-24,115.8800
2017-11-22,115.9765
2017-11-21,116.1065
2017-11-20,116.3095
2017-11-17,116.5200
2017-11-16,116.7165
2017-11-15,116.8980
2017-11-14,116.9830
2017-11-13,117.1480
2017-11-10,117.2930
2017-11-09,117.3920
2017-11-08,117.4870
2017-11-07,117.6200
2017-11-06,117.6980
2017-11-03,117.7315
2017-11-02,117.8335
2017-11-01,117.9960
2017-10-31,118.0800
2017-10-30,118.1765
2017-10-27,118.3285
2017-10-26,118.5265
2017-10-25,118.4855
2017-10-24,118.4325
2017-10-23,118.3470
2017-10-20,118.3000
2017-10-19,118.2325
2017-10-18,118.1460
2017-10-17,118.0570
2017-10-16,117.8630
2017-10-13,117.6160
2017-10-12,117.3895
2017-10-11,117.1550
2017-10-10,116.8975
2017-10-09,116.5820
2017-10-06,116.3225
2017-10-05,116.0100
2017-10-04,115.6710
2017-10-03,115.3815
2017-10-02,114.9625
2017-09-29,114.5290
2017-09-28,114.0350
2017-09-27,113.5405
2017-09-26,113.0610
2017-09-25,112.5730
2017-09-22,112.0850
2017-09-21,111.5925
2017-09-20,111.0995
2017-09-19,110.5990
2017-09-18,110.0710
2017-09-15,109.6355
2017-09-14,109.2000
2017-09-13,108.8195
2017-09-12,108.5390
2017-09-11,108.3500
2017-09-08,108.1855
2017-09-07,108.1520
2017-09-06,108.1065
2017-09-05,108.0345
2017-09-01,108.0515
2017-08-31,108.1190
2017-08-30,108.2095
2017-08-29,108.3460
2017-08-28,108.4420
2017-08-25,108.5135
2017-08-24,108.5080
2017-08-23,108.4415
2017-08-22,108.3670
2017-08-21,108.2685
2017-08-18,108.1395
2017-08-17,107.9780
2017-08-16,107.9135
2017-08-15,107.7945
2017-08-14,107.5520
2017-08-11,107.3270
2017-08-10,107.0875
2017-08-09,106.7885
2017-08-08,106.4385
2017-08-07,106.0770
2017-08-04,105.7400
2017-08-03,105.4090
2017-08-02,105.1285
2017-08-01,104.8365
2017-07-31,104.6625
2017-07-28,104.4195
2017-07-27,104.2195
2017-07-26,104.1280
2017-07-25,104.0755
2017-07-24,104.0630
2017-07-21,104.1530
2017-07-20,104.2130
2017-07-19,104.2060
2017-07-18,104.3070
2017-07-17,104.4940
2017-07-14,104.7010
2017-07-13,104.7955
2017-07-12,104.9190
2017-07-11,105.1310
2017-07-10,105.3770
2017-07-07,105.5450
2017-07-06,105.5705
2017-07-05,105.5680
2017-07-03,105.5455
2017-06-30,105.3900
2017-06-29,105.3290
2017-06-28,105.3365
2017-06-27,105.2965
2017-06-26,105.2960
2017-06-23,105.3250
2017-06-22,105.3305
2017-06-21,105.4190
2017-06-20,105.5080
2017-06-19,105.4900
2017-06-16,105.4430
2017-06-15,105.2840
2017-06-14,105.2025
2017-06-13,105.2350
2017-06-12,105.1710
2017-06-09,105.0670
2017-06-08,105.0575
2017-06-07,105.1825
2017-06-06,105.2480
2017-06-05,105.3735
2017-06-02,105.5035
2017-06-01,105.5885
2017-05-31,105.7110
2017-05-30,105.8050
2017-05-26,105.8980
2017-05-25,105.9970
2017-05-24,106.0150
2017-05-23,106.0080
2017-05-22,106.0310
2017-05-19,106.0215
2017-05-18,105.9400
2017-05-17,105.9255
2017-05-16,105.9020
2017-05-15,105.8235
2017-05-12,105.7895
2017-05-11,105.7965
2017-05-10,105.9345
2017-05-09,106.0580
2017-05-08,106.2755
2017-05-05,106.3845
2017-05-04,106.5595
2017-05-03,106.7510
2017-05-02,106.8480
2017-05-01,106.9700
2017-04-28,107.0425
2017-04-27,107.0965
2017-04-26,107.2265
2017-04-25,107.2810
2017-04-24,107.2585
2017-04-21,107.3615
2017-04-20,107.5105
2017-04-19,107.6860
2017-04-18,107.8765
2017-04-17,107.9755
2017-04-13,108.0510
2017-04-12,108.1390
2017-04-11,108.1345
2017-04-10,108.0540
2017-04-07,108.0500
2017-04-06,108.1375
2017-04-05,108.1750
2017-04-04,108.2235
2017-04-03,108.3810
2017-03-31,108.6495
2017-03-30,108.9585
2017-03-29,109.2375
2017-03-28,109.5280
2017-03-27,109.7945
2017-03-24,110.0680
2017-03-23,110.1745
2017-03-22,110.3320
2017-03-21,110.4315
2017-03-20,110.6155
2017-03-17,110.7490
2017-03-16,110.8990
2017-03-15,111.1345
2017-03-14,111.3165
2017-03-13,111.6440
2017-03-10,111.8290
2017-03-09,111.9115
2017-03-08,111.9885
2017-03-07,112.0775
2017-03-06,112.1360
2017-03-03,112.1560
2017-03-02,112.0890
2017-03-01,111.9710
2017-02-28,111.8445
2017-02-27,111.8105
2017-02-24,111.9125
2017-02-23,112.2340
2017-02-22,112.5450
2017-02-21,112.8445
2017-02-17,113.0280
2017-02-16,113.2915
2017-02-15,113.5365
2017-02-14,113.7050
2017-02-13,113.8930
2017-02-10,114.0165
2017-02-09,114.1720
2017-02-08,114.3555
2017-02-07,114.5245
2017-02-06,114.7470
2017-02-03,114.9400
2017-02-02,115.1270
2017-02-01,115.4075
2017-01-31,115.7500
2017-01-30,116.0675
2017-01-27,116.3675
2017-01-26,116.5735
2017-01-25,116.6570
2017-01-24,116.7160
2017-01-23,116.8360
2017-01-20,116.9620
2017-01-19,117.0795
2017-01-18,117.1830
2017-01-17,117.2900
2017-01-13,117.3285
2017-01-12,117.3075
2017-01-11,117.3705
2017-01-10,117.4315
2017-01-09,117.4740
2017-01-06,117.4405
2017-01-05,117.3205
2017-01-04,117.0930
2017-01-03,116.8645
2016-12-30,116.6220
2016-12-29,116.4015
2016-12-28,116.0885
2016-12-27,115.6600
2016-12-23,115.2740
2016-12-22,114.9030
2016-12-21,114.5145
2016-12-20,114.1500
2016-12-19,113.7615
2016-12-16,113.3390
2016-12-15,112.8410
2016-12-14,112.4060
2016-12-13,112.0560
2016-12-12,111.5145
2016-12-09,110.9890
2016-12-08,110.5880
2016-12-07,110.2115
2016-12-06,109.8540
2016-12-05,109.5585
2016-12-02,109.1350
2016-12-01,108.7545
2016-11-30,108.3595
2016-11-29,108.1055
2016-11-28,107.8760
2016-11-25,107.5420
2016-11-23,106.9880
2016-11-22,106.4975
2016-11-21,106.0050
2016-11-18,105.5290
2016-11-17,105.1340
2016-11-16,104.8215
2016-11-15,104.5175
2016-11-14,104.1590
2016-11-11,103.8975
2016-11-10,103.6195
2016-11-09,103.2695
2016-11-08,102.9950
2016-11-07,102.7825
2016-11-04,102.6390
2016-11-03,102.5135
2016-11-02,102.3530
2016-11-01,102.1950
2016-10-31,101.9345
2016-10-28,101.8195
2016-10-27,101.7745
2016-10-26,101.8420
2016-10-25,101.8900
2016-10-24,101.8005
2016-10-21,101.7065
2016-10-20,101.6025
2016-10-19,101.5080
2016-10-18,101.3760
2016-10-17,101.1715
2016-10-14,101.0055
2016-10-13,100.8435
2016-10-12,100.7790
2016-10-11,100.5925
2016-10-10,100.4120
2016-10-07,100.3255
2016-10-06,100.2755
2016-10-05,100.3725
2016-10-04,100.4050
2016-10-03,100.4630
2016-09-30,100.3870
2016-09-29,100.2515
2016-09-28,100.2170
2016-09-27,100.1945
2016-09-26,100.3480
2016-09-23,100.4750
2016-09-22,100.6085
2016-09-21,100.7195
2016-09-20,100.8220
2016-09-19,101.0340
2016-09-16,101.2480
2016-09-15,101.5335
2016-09-14,101.6695
2016-09-13,101.8800
2016-09-12,102.0470
2016-09-09,102.0425
2016-09-08,102.0490
2016-09-07,101.8500
2016-09-06,101.7720
2016-09-02,101.7105
2016-09-01,101.6895
2016-08-31,101.6985
2016-08-30,101.7000
2016-08-29,101.5945
2016-08-26,101.4475
2016-08-25,101.5055
2016-08-24,101.5005
2016-08-23,101.5035
2016-08-22,101.5535
2016-08-19,101.6100
2016-08-18,101.7770
2016-08-17,101.8690
2016-08-16,102.0375
2016-08-15,102.2080
2016-08-12,102.3740
2016-08-11,102.6175
2016-08-10,102.8825
2016-08-09,103.2080
2016-08-08,103.4810
2016-08-05,103.6905
2016-08-04,103.9035
2016-08-03,104.0365
2016-08-02,104.2350
2016-08-01,104.4340
2016-07-29,104.6860
2016-07-28,104.8035
2016-07-27,104.8850
2016-07-26,104.8535
2016-07-25,104.7375
2016-07-22,104.6790
2016-07-21,104.6180
2016-07-20,104.4630
2016-07-19,104.3455
2016-07-18,104.1740
2016-07-15,103.9480
2016-07-14,103.6500
2016-07-13,103.3465
2016-07-12,103.0780
2016-07-11,102.8440
2016-07-08,102.6735
2016-07-07,102.5755
2016-07-06,102.5775
2016-07-05,102.5145
2016-07-01,102.3945
2016-06-30,102.2200
2016-06-29,102.0050
2016-06-28,101.8905
2016-06-27,101.8590
2016-06-24,101.9420
2016-06-23,101.9220
2016-06-22,101.7885
2016-06-21,101.6835
2016-06-20,101.4905
2016-06-17,101.3495
2016-06-16,101.2635
2016-06-15,101.2130
2016-06-14,101.2190
2016-06-13,101.2700
2016-06-10,101.2020
2016-06-09,101.2090
2016-06-08,101.1255
2016-06-07,101.0345
2016-06-06,100.8860
2016-06-03,100.9205
2016-06-02,100.9585
2016-06-01,100.9615
2016-05-31,100.9710
2016-05-27,101.0865
2016-05-26,101.0945
2016-05-25,101.1395
2016-05-24,101.2435
2016-05-23,101.3485
2016-05-20,101.4550
2016-05-19,101.5660
2016-05-18,101.6435
2016-05-17,101.7250
2016-05-16,101.7125
2016-05-13,101.5325
2016-05-12,101.3570
2016-05-11,101.1500
2016-05-10,100.9730
2016-05-09,100.7850
2016-05-06,100.5295
2016-05-05,100.2530
2016-05-04,99.9215
2016-05-03,99.6340
2016-05-02,99.2015
2016-04-29,98.7075
2016-04-28,98.3115
2016-04-27,97.9615
2016-04-26,97.5315
2016-04-25,97.1830
2016-04-22,96.8415
2016-04-21,96.4835
2016-04-20,96.0930
2016-04-19,95.7835
2016-04-18,95.5805
2016-04-15,95.5300
2016-04-14,95.5130
2016-04-13,95.3840
2016-04-12,95.2175
2016-04-11,95.0550
2016-04-08,95.0220
2016-04-07,94.9025
2016-04-06,94.8040
2016-04-05,94.4990
2016-04-04,94.3990
2016-04-01,94.1240
2016-03-31,93.7875
2016-03-30,93.3745
2016-03-29,92.9185
2016-03-28,92.3245
2016-03-24,91.8080
2016-03-23,91.3305
2016-03-22,90.9145
2016-03-21,90.3850
2016-03-18,90.0040
2016-03-17,89.4445
2016-03-16,88.9365
2016-03-15,88.5820
2016-03-14,88.1090
2016-03-11,87.6675
2016-03-10,87.0880
2016-03-09,86.5430
2016-03-08,86.0480
2016-03-07,85.9105
2016-03-04,85.5210
2016-03-03,85.3640
2016-03-02,85.2185
2016-03-01,84.9235
2016-02-29,84.8815
2016-02-26,85.0330
2016-02-25,85.1115
2016-02-24,85.0110
2016-02-23,84.9535
2016-02-22,84.7525
2016-02-19,84.4885
2016-02-18,84.2160
2016-02-17,83.8285
2016-02-16,83.4885
2016-02-12,83.4315
2016-02-11,83.4335
2016-02-10,83.3505
2016-02-09,83.3060
2016-02-08,83.1985
2016-02-05,83.0055
2016-02-04,83.0125
2016-02-03,83.0765
2016-02-02,83.3260
2016-02-01,83.7065
2016-01-29,83.9400
2016-01-28,84.1210
2016-01-27,84.3875
2016-01-26,84.7410
2016-01-25,85.1375
2016-01-22,85.7835
2016-01-21,86.1200
2016-01-20,86.5295
2016-01-19,87.0710
2016-01-15,87.5225
2016-01-14,88.0110
2016-01-13,88.3755
2016-01-12,88.7755
2016-01-11,88.9900
2016-01-08,89.4165
2016-01-07,89.6900
2016-01-06,89.8610
2016-01-05,89.9215
2016-01-04,89.9265
2015-12-31,89.9265
2015-12-30,89.9410
2015-12-29,90.0605
2015-12-28,90.0640
2015-12-24,90.0645
2015-12-23,90.0055
2015-12-22,89.8825
2015-12-21,89.8695
2015-12-18,89.8580
2015-12-17,89.9090
2015-12-16,89.9925
2015-12-15,89.8720
2015-12-14,89.8065
2015-12-11,89.7740
2015-12-10,89.9450
2015-12-09,90.0895
2015-12-08,90.3710
2015-12-07,90.6650
2015-12-04,91.0025
2015-12-03,91.2445
2015-12-02,91.6405
2015-12-01,92.0350
2015-11-30,92.1590
2015-11-27,92.1370
2015-11-25,92.1130
2015-11-24,92.0590
2015-11-23,91.8765
2015-11-20,91.8145
2015-11-19,91.9260
2015-11-18,91.9655
2015-11-17,91.8215
2015-11-16,91.7695
2015-11-13,91.6985
2015-11-12,91.8290
2015-11-11,91.8720
2015-11-10,91.7505
2015-11-09,91.5080
2015-11-06,91.3290
2015-11-05,91.1060
2015-11-04,90.8740
2015-11-03,90.4415
2015-11-02,89.8840
2015-10-30,89.3375
2015-10-29,88.8710
2015-10-28,88.2935
2015-10-27,87.7480
2015-10-26,87.1755
2015-10-23,86.5255
2015-10-22,85.8485
2015-10-21,85.1120
2015-10-20,84.4515
2015-10-19,83.8145
2015-10-16,83.2175
2015-10-15,82.5400
2015-10-14,81.9745
2015-10-13,81.4375
2015-10-12,80.8770
2015-10-09,80.2285
2015-10-08,79.5395
2015-10-07,78.8270
2015-10-06,78.1670
2015-10-05,77.6595
2015-10-02,77.2915
2015-10-01,77.1270
2015-09-30,77.1130
2015-09-29,77.0785
2015-09-28,77.3155
2015-09-25,77.5485
2015-09-24,77.5455
2015-09-23,77.3555
2015-09-22,77.0505
2015-09-21,76.7940
2015-09-18,76.6775
2015-09-17,76.7525
2015-09-16,76.8275
2015-09-15,77.0485
2015-09-14,77.3515
2015-09-11,77.8625
2015-09-10,78.3655
2015-09-09,78.9220
2015-09-08,79.4650
2015-09-04,79.9175
2015-09-03,80.2715
2015-09-02,80.6180
2015-09-01,80.9165
2015-08-31,81.2675
2015-08-28,81.4980
2015-08-27,81.9005
2015-08-26,82.6700
2015-08-25,83.6780
2015-08-24,84.7970
2015-08-21,85.6480
2015-08-20,86.3900
2015-08-19,87.0750
2015-08-18,87.7050
2015-08-17,88.2280
2015-08-14,88.7135
2015-08-13,89.0715
2015-08-12,89.5030
2015-08-11,89.8755
2015-08-10,90.3640
2015-08-07,90.7995
2015-08-06,91.3325
2015-08-05,91.7620
2015-08-04,92.2385
2015-08-03,92.7415
2015-07-31,93.2000
2015-07-30,93.5695
2015-07-29,93.7225
2015-07-28,93.8835
2015-07-27,94.0980
2015-07-24,94.5710
2015-07-23,94.9580
2015-07-22,95.2745
2015-07-21,95.6035
2015-07-20,95.9230
2015-07-17,96.2495
2015-07-16,96.6045
2015-07-15,96.8685
2015-07-14,97.1585
2015-07-13,97.3455
2015-07-10,97.6090
2015-07-09,97.9445
2015-07-08,98.3470
2015-07-07,98.6900
2015-07-06,98.9475
2015-07-02,99.2885
2015-07-01,99.5645
2015-06-30,99.8685
2015-06-29,100.1740
2015-06-26,100.4710
2015-06-25,100.6910
2015-06-24,100.9360
2015-06-23,101.1280
2015-06-22,101.2880
2015-06-19,101.5180
2015-06-18,101.8190
2015-06-17,102.0690
2015-06-16,102.3320
2015-06-15,102.6625
2015-06-12,103.0995
2015-06-11,103.5285
2015-06-10,103.8575
2015-06-09,104.1440
2015-06-08,104.4910
2015-06-05,104.9025
2015-06-04,105.2015
2015-06-03,105.5295
2015-06-02,105.8210
2015-06-01,106.1080
2015-05-29,106.4285
2015-05-28,106.8315
2015-05-27,107.2560
2015-05-26,107.6565
2015-05-22,107.9770
2015-05-21,108.2260
2015-05-20,108.4500
2015-05-19,108.6625
2015-05-18,108.8980
2015-05-15,109.0800
2015-05-14,109.1340
2015-05-13,109.2195
2015-05-12,109.3550
2015-05-11,109.4190
2015-05-08,109.3760
2015-05-07,109.2890
2015-05-06,109.2580
2015-05-05,109.1935
2015-05-04,109.2205
2015-05-01,109.1505
2015-04-30,108.9625
2015-04-29,108.6490
2015-04-28,108.3115
2015-04-27,108.1005
2015-04-24,107.8295
2015-04-23,107.5985
2015-04-22,107.3835
2015-04-21,107.1185
2015-04-20,106.9280
2015-04-17,106.7650
2015-04-16,106.5470
2015-04-15,106.3740
2015-04-14,106.0120
2015-04-13,105.7265
2015-04-10,105.4825
2015-04-09,105.2580
2015-04-08,105.0875
2015-04-07,104.9000
2015-04-06,104.6705
2015-04-02,104.5020
2015-04-01,104.4745
2015-03-31,104.4930
2015-03-30,104.5020
2015-03-27,104.4520
2015-03-26,104.5720
2015-03-25,104.6625
2015-03-24,104.8080
2015-03-23,104.9960
2015-03-20,105.0930
2015-03-19,105.1715
2015-03-18,105.3515
2015-03-17,105.5385
2015-03-16,106.0000
2015-03-13,106.4825
2015-03-12,106.9445
2015-03-11,107.3225
2015-03-10,107.6545
2015-03-09,108.0305
2015-03-06,108.3135
2015-03-05,108.6015
2015-03-04,108.7825
2015-03-03,109.0010
2015-03-02,109.0460
2015-02-27,108.8775
2015-02-26,108.6935
2015-02-25,108.5260
2015-02-24,108.5100
2015-02-23,108.5560
2015-02-20,108.5055
2015-02-19,108.5215
2015-02-18,108.5120
2015-02-17,108.3135
2015-02-13,107.9495
2015-02-12,107.4440
2015-02-11,107.0960
2015-02-10,106.8070
2015-02-09,106.5920
2015-02-06,106.4810
2015-02-05,106.5210
2015-02-04,106.4525
2015-02-03,106.4365
2015-02-02,106.3640
2015-01-30,106.6900
2015-01-29,107.1725
2015-01-28,107.6780
2015-01-27,108.1585
2015-01-26,108.4080
2015-01-23,108.6375
2015-01-22,108.9925
2015-01-21,109.1480
2015-01-20,109.3865
2015-01-16,109.5145
2015-01-15,109.5595
2015-01-14,109.5110
2015-01-13,109.3590
2015-01-12,109.2680
2015-01-09,109.2195
2015-01-08,109.0520
2015-01-07,108.8820
2015-01-06,108.8250
2015-01-05,108.9670
2015-01-02,109.1770
2014-12-31,109.2335
2014-12-30,109.3255
2014-12-29,109.2565
2014-12-26,109.0340
2014-12-24,109.1270
2014-12-23,109.2610
2014-12-22,109.4430
2014-12-19,109.7705
2014-12-18,109.9895
2014-12-17,110.3615
2014-12-16,110.8340
2014-12-15,111.5365
2014-12-12,112.3095
2014-12-11,113.0130
2014-12-10,113.6500
2014-12-09,114.3290
2014-12-08,114.8745
2014-12-05,115.4745
2014-12-04,115.8575
2014-12-03,116.0960
2014-12-02,116.1790
2014-12-01,116.3170
2014-11-28,116.7280
2014-11-26,117.1445
2014-11-25,117.2460
2014-11-24,117.2950
2014-11-21,117.1665
2014-11-20,117.0330
2014-11-19,116.9770
2014-11-18,116.8535
2014-11-17,116.8345
2014-11-14,116.6215
2014-11-13,116.3955
2014-11-12,116.1260
2014-11-11,115.7070
2014-11-10,115.2740
2014-11-07,114.9795
2014-11-06,114.7340
2014-11-05,114.5330
2014-11-04,114.5780
2014-11-03,114.6105
2014-10-31,114.6760
2014-10-30,114.5640
2014-10-29,114.5595
2014-10-28,114.5850
2014-10-27,114.6945
2014-10-24,114.9710
2014-10-23,115.2490
2014-10-22,115.4735
2014-10-21,115.8935
2014-10-20,116.2920
2014-10-17,116.8920
2014-10-16,117.5420
2014-10-15,118.1960
2014-10-14,118.9685
2014-10-13,119.7275
2014-10-10,120.3380
2014-10-09,120.7765
2014-10-08,121.2425
2014-10-07,121.5590
2014-10-06,122.0170
2014-10-03,122.4230
2014-10-02,122.9075
2014-10-01,123.3920
2014-09-30,123.9025
2014-09-29,124.3135
2014-09-26,124.7585
2014-09-25,125.1225
2014-09-24,125.5205
2014-09-23,125.8130
2014-09-22,126.0520
2014-09-19,126.2330
2014-09-18,126.3895
2014-09-17,126.5570
2014-09-16,126.7025
2014-09-15,126.7695
2014-09-12,126.8625
2014-09-11,127.0775
2014-09-10,127.2660
2014-09-09,127.4065
2014-09-08,127.5330
2014-09-05,127.6155
2014-09-04,127.5280
2014-09-03,127.4745
2014-09-02,127.3295
2014-08-29,127.3610
2014-08-28,127.2835
2014-08-27,127.3080
2014-08-26,127.5025
2014-08-25,127.7110
2014-08-22,127.9810
2014-08-21,128.3040
2014-08-20,128.6500
2014-08-19,128.9695
2014-08-18,129.2170
2014-08-15,129.4665
2014-08-14,129.6810
2014-08-13,129.8370
2014-08-12,130.0015
2014-08-11,130.1100
2014-08-08,130.1875
2014-08-07,130.2180
2014-08-06,130.4480
2014-08-05,130.7310
2014-08-04,130.9780
2014-08-01,131.0930
2014-07-31,131.2575
2014-07-30,131.3070
2014-07-29,131.2075
2014-07-28,131.1140
2014-07-25,130.9700
2014-07-24,130.8375
2014-07-23,130.6565
2014-07-22,130.5510
2014-07-21,130.5710
2014-07-18,130.6235
2014-07-17,130.7035
2014-07-16,130.7135
2014-07-15,130.6105
2014-07-14,130.5745
2014-07-11,130.4745
2014-07-10,130.3565
2014-07-09,130.1030
2014-07-08,129.8005
2014-07-07,129.5240
2014-07-03,129.2100
2014-07-02,128.8265
2014-07-01,128.4325
2014-06-30,128.0330
2014-06-27,127.6160
2014-06-26,127.2375
2014-06-25,126.8075
2014-06-24,126.3720
2014-06-23,125.9255
2014-06-20,125.4450
2014-06-19,125.0095
2014-06-18,124.6180
2014-06-17,124.2290
2014-06-16,123.9350
2014-06-13,123.6670
2014-06-12,123.4945
2014-06-11,123.5100
2014-06-10,123.5435
2014-06-09,123.5385
2014-06-06,123.5715
2014-06-05,123.6165
2014-06-04,123.7520
2014-06-03,123.8830
2014-06-02,124.0235
2014-05-30,124.1490
2014-05-29,124.2565
2014-05-28,124.4165
2014-05-27,124.5890
2014-05-23,124.7335
2014-05-22,124.7645
2014-05-21,124.7980
2014-05-20,124.8245
2014-05-19,124.8995
2014-05-16,124.9640
2014-05-15,124.9890
2014-05-14,124.8900
2014-05-13,124.5840
2014-05-12,124.2265
2014-05-09,123.8160
2014-05-08,123.3990
2014-05-07,123.0995
2014-05-06,122.6780
2014-05-05,122.2965
2014-05-02,121.9685
2014-05-01,121.6845
2014-04-30,121.4050
2014-04-29,121.0790
2014-04-28,120.7260
2014-04-25,120.3645
2014-04-24,120.0485
2014-04-23,119.7190
2014-04-22,119.3390
2014-04-21,118.9315
2014-04-17,118.5010
2014-04-16,118.0925
2014-04-15,117.7610
2014-04-14,117.5580
2014-04-11,117.3765
2014-04-10,117.2300
2014-04-09,117.1180
2014-04-08,116.9455
2014-04-07,116.7810
2014-04-04,116.7060
2014-04-03,116.5200
2014-04-02,116.3105
2014-04-01,116.0645
2014-03-31,115.8805
2014-03-28,115.6770
2014-03-27,115.5185
2014-03-26,115.4195
2014-03-25,115.3095
2014-03-24,115.2035
2014-03-21,115.1185
2014-03-20,114.9710
2014-03-19,114.9255
2014-03-18,114.8455
2014-03-17,114.6690
2014-03-14,114.5895
2014-03-13,114.5100
2014-03-12,114.3890
2014-03-11,114.2855
2014-03-10,114.1445
2014-03-07,113.9550
2014-03-06,113.7645
2014-03-05,113.4980
2014-03-04,113.3180
2014-03-03,113.1090
2014-02-28,112.9485
2014-02-27,113.0045
2014-02-26,113.0200
2014-02-25,113.0865
2014-02-24,113.1595
2014-02-21,113.2665
2014-02-20,113.5520
2014-02-19,113.8435
2014-02-18,114.1815
2014-02-14,114.5105
2014-02-13,114.7780
2014-02-12,115.1115
2014-02-11,115.4885
2014-02-10,115.7720
2014-02-07,116.2380
2014-02-06,116.8000
2014-02-05,117.4010
2014-02-04,118.1785
2014-02-03,118.8380
2014-01-31,119.4985
2014-01-30,120.1240
2014-01-29,120.5470
2014-01-28,120.9585
2014-01-27,121.3780
2014-01-24,121.7970
2014-01-23,122.1580
2014-01-22,122.3785
2014-01-21,122.4960
2014-01-17,122.6390
2014-01-16,122.7545
2014-01-15,122.7500
2014-01-14,122.8020
2014-01-13,122.8185
2014-01-10,122.9055
2014-01-09,122.9600
2014-01-08,122.9785
2014-01-07,122.9810
2014-01-06,122.8420
2014-01-03,122.6960
2014-01-02,122.5670
2013-12-31,122.4860
2013-12-30,122.3575
2013-12-27,122.2680
2013-12-26,122.1275
2013-12-24,122.0260
2013-12-23,122.0375
2013-12-20,122.0990
2013-12-19,122.1330
2013-12-18,122.0720
2013-12-17,122.0950
2013-12-16,122.1860
2013-12-13,122.1780
2013-12-12,122.1610
2013-12-11,122.1160
2013-12-10,122.0110
2013-12-09,121.8820
2013-12-06,121.7745
2013-12-05,121.6555
2013-12-04,121.6575
2013-12-03,121.4915
2013-12-02,121.2705
2013-11-29,121.0540
2013-11-27,120.9300
2013-11-26,120.8240
2013-11-25,120.7600
2013-11-22,120.6185
2013-11-21,120.4465
2013-11-20,120.3015
2013-11-19,120.2080
2013-11-18,120.1370
2013-11-15,120.1000
2013-11-14,120.0795
2013-11-13,120.0775
2013-11-12,120.0310
2013-11-11,119.9385
2013-11-08,119.8135
2013-11-07,119.6375
2013-11-06,119.4610
2013-11-05,119.2105
2013-11-04,119.1245
2013-11-01,119.1130
2013-10-31,119.1190
2013-10-30,119.0335
2013-10-29,119.0600
2013-10-28,119.0510
2013-10-25,119.0805
2013-10-24,119.1830
2013-10-23,119.3295
2013-10-22,119.5265
2013-10-21,119.7190
2013-10-18,120.0040
2013-10-17,120.2675
2013-10-16,120.5635
2013-10-15,120.8965
2013-10-14,121.2060
2013-10-11,121.4810
2013-10-10,121.8045
2013-10-09,122.1800
2013-10-08,122.5695
2013-10-07,122.8835
2013-10-04,123.1010
2013-10-03,123.2550
2013-10-02,123.4110
2013-10-01,123.4125
2013-09-30,123.3740
2013-09-27,123.3205
2013-09-26,123.2070
2013-09-25,123.1230
2013-09-24,122.8600
2013-09-23,122.5775
2013-09-20,122.2780
2013-09-19,121.9465
2013-09-18,121.5595
2013-09-17,121.1830
2013-09-16,120.8990
2013-09-13,120.6890
2013-09-12,120.4945
2013-09-11,120.4025
2013-09-10,120.3315
2013-09-09,120.2710
2013-09-06,120.2850
2013-09-05,120.3780
2013-09-04,120.4760
2013-09-03,120.5900
2013-08-30,120.7620
2013-08-29,120.9880
2013-08-28,121.2915
2013-08-27,121.4955
2013-08-26,121.8440
2013-08-23,122.2105
2013-08-22,122.6120
2013-08-21,123.0855
2013-08-20,123.5190
2013-08-19,123.9675
2013-08-16,124.3860
2013-08-15,124.7375
2013-08-14,124.9985
2013-08-13,125.1135
2013-08-12,125.1945
2013-08-09,125.3385
2013-08-08,125.4165
2013-08-07,125.4515
2013-08-06,125.4300
2013-08-05,125.4365
2013-08-02,125.2990
2013-08-01,125.0770
2013-07-31,124.7090
2013-07-30,124.3720
2013-07-29,124.0370
2013-07-26,123.6455
2013-07-25,123.2030
2013-07-24,122.7225
2013-07-23,122.2765
2013-07-22,121.7545
2013-07-19,121.3495
2013-07-18,120.9015
2013-07-17,120.6530
2013-07-16,120.5115
2013-07-15,120.3665
2013-07-12,120.1465
2013-07-11,120.0265
2013-07-10,119.8365
2013-07-09,119.7640
2013-07-08,119.7350
2013-07-05,119.7580
2013-07-03,119.7620
2013-07-02,119.8865
2013-07-01,120.0770
2013-06-28,120.3275
2013-06-27,120.5480
2013-06-26,120.8680
2013-06-25,121.2350
2013-06-24,121.6840
2013-06-21,122.1155
2013-06-20,122.4390
2013-06-19,122.7880
2013-06-18,123.0600
2013-06-17,123.2230
2013-06-14,123.3330
2013-06-13,123.4570
2013-06-12,123.5245
2013-06-11,123.7760
2013-06-10,123.8460
2013-06-07,123.8730
2013-06-06,123.9700
2013-06-05,124.1085
2013-06-04,124.1820
2013-06-03,124.1965
2013-05-31,124.1665
2013-05-30,124.1310
2013-05-29,123.8890
2013-05-28,123.7150
2013-05-24,123.4595
2013-05-23,123.1890
2013-05-22,122.8445
2013-05-21,122.5120
2013-05-20,122.0890
2013-05-17,121.6785
2013-05-16,121.3025
2013-05-15,120.9440
2013-05-14,120.5340
2013-05-13,120.1345
2013-05-10,119.8205
2013-05-09,119.6560
2013-05-08,119.5215
2013-05-07,119.3355
2013-05-06,119.1155
2013-05-03,118.8435
2013-05-02,118.5450
2013-05-01,118.3465
2013-04-30,118.2220
2013-04-29,118.0715
2013-04-26,117.9860
2013-04-25,117.9250
2013-04-24,118.0090
2013-04-23,118.1440
2013-04-22,118.2790
2013-04-19,118.5095
2013-04-18,118.7315
2013-04-17,118.9695
2013-04-16,119.2020
2013-04-15,119.3080
2013-04-12,119.4635
2013-04-11,119.4665
2013-04-10,119.3370
2013-04-09,119.2675
2013-04-08,119.2720
2013-04-05,119.3100
2013-04-04,119.3620
2013-04-03,119.3820
2013-04-02,119.3895
2013-04-01,119.3140
2013-03-28,119.1785
2013-03-27,119.0950
2013-03-26,118.9180
2013-03-25,118.6170
2013-03-22,118.2850
2013-03-21,118.0240
2013-03-20,117.7565
2013-03-19,117.4885
2013-03-18,117.3115
2013-03-15,117.1030
2013-03-14,116.9045
2013-03-13,116.6810
2013-03-12,116.5880
2013-03-11,116.4575
2013-03-08,116.3030
2013-03-07,116.1255
2013-03-06,115.9930
2013-03-05,115.8600
2013-03-04,115.7235
2013-03-01,115.6740
2013-02-28,115.5865
2013-02-27,115.5515
2013-02-26,115.5795
2013-02-25,115.6335
2013-02-22,115.7665
2013-02-21,115.7435
2013-02-20,115.7445
2013-02-19,115.7905
2013-02-15,115.7565
2013-02-14,115.7455
2013-02-13,115.6585
2013-02-12,115.5540
2013-02-11,115.3715
2013-02-08,115.1760
2013-02-07,114.9175
2013-02-06,114.6435
2013-02-05,114.3110
2013-02-04,114.0080
2013-02-01,113.7730
2013-01-31,113.4440
2013-01-30,113.2060
2013-01-29,112.7905
2013-01-28,112.2525
2013-01-25,111.8765
2013-01-24,111.4895
2013-01-23,111.1460
2013-01-22,110.8810
2013-01-18,110.6045
2013-01-17,110.3380
2013-01-16,110.1060
2013-01-15,109.8415
2013-01-14,109.5605
2013-01-11,109.3135
2013-01-10,109.1310
2013-01-09,108.9945
2013-01-08,108.8655
2013-01-07,108.7520
2013-01-04,108.5870
2013-01-03,108.3205
2013-01-02,108.0225
2012-12-31,107.7360
2012-12-28,107.6135
2012-12-27,107.5805
2012-12-26,107.4335
2012-12-24,107.1795
2012-12-21,106.9975
2012-12-20,106.7855
2012-12-19,106.4715
2012-12-18,106.1540
2012-12-17,105.8665
2012-12-14,105.5525
2012-12-13,105.2425
2012-12-12,104.9720
2012-12-11,104.8320
2012-12-10,104.7415
2012-12-07,104.6855
2012-12-06,104.6295
2012-12-05,104.6825
2012-12-04,104.9420
2012-12-03,105.2035
2012-11-30,105.3890
2012-11-29,105.6775
2012-11-28,105.9000
2012-11-27,106.1800
2012-11-26,106.5590
2012-11-23,106.7950
2012-11-21,106.9905
2012-11-20,107.4225
2012-11-19,107.9135
2012-11-16,108.4288
2012-11-15,109.0678
2012-11-14,109.6913
2012-11-13,110.2073
2012-11-12,110.5468
2012-11-09,110.9033
2012-11-08,111.2338
2012-11-07,111.8083
2012-11-06,112.3138
2012-11-05,112.6708
2012-11-02,113.0688
2012-11-01,113.4573
2012-10-31,113.7823
2012-10-26,114.1327
2012-10-25,114.4017
2012-10-24,114.7137
2012-10-23,115.0432
2012-10-22,115.4205
2012-10-19,115.6723
2012-10-18,115.8933
2012-10-17,116.0530
2012-10-16,116.1240
2012-10-15,116.2680
2012-10-12,116.4840
2012-10-11,116.7430
2012-10-10,116.9180
2012-10-09,117.0195
2012-10-08,116.8605
2012-10-05,116.6775
2012-10-04,116.5025
2012-10-03,116.2965
2012-10-02,116.0280
2012-10-01,115.6910
2012-09-28,115.4365
2012-09-27,115.1550
2012-09-26,114.8850
2012-09-25,114.6875
2012-09-24,114.4277
2012-09-21,114.1395
2012-09-20,113.8140
2012-09-19,113.5290
2012-09-18,113.2980
2012-09-17,113.0755
2012-09-14,112.8515
2012-09-13,112.6550
2012-09-12,112.4555
2012-09-11,112.3975
2012-09-10,112.3525
2012-09-07,112.3320
2012-09-06,112.2635
2012-09-05,112.2190
2012-09-04,112.2780
2012-08-31,112.2825
2012-08-30,112.2305
2012-08-29,112.1465
2012-08-28,112.0815
2012-08-27,111.9430
2012-08-24,111.8475
2012-08-23,111.7100
2012-08-22,111.5590
2012-08-21,111.2545
2012-08-20,110.9705
2012-08-17,110.7420
2012-08-16,110.5685
2012-08-15,110.3445
2012-08-14,110.1100
2012-08-13,109.8155
2012-08-10,109.4905
2012-08-09,109.1135
2012-08-08,108.7335
2012-08-07,108.3690
2012-08-06,107.9655
2012-08-03,107.6230
2012-08-02,107.3205
2012-08-01,107.1595
2012-07-31,107.0030
2012-07-30,106.8170
2012-07-27,106.6010
2012-07-26,106.3110
2012-07-25,106.0260
2012-07-24,105.7705
2012-07-23,105.4095
2012-07-20,105.0340
2012-07-19,104.5755
2012-07-18,104.3150
2012-07-17,104.1240
2012-07-16,103.9255
2012-07-13,103.8030
2012-07-12,103.5985
2012-07-11,103.3535
2012-07-10,103.1480
2012-07-09,102.9495
2012-07-06,102.7685
2012-07-05,102.5345
2012-07-03,102.2230
2012-07-02,101.6790
2012-06-29,101.2150
2012-06-28,100.7605
2012-06-27,100.5030
2012-06-26,100.2560
2012-06-25,100.2205
2012-06-22,100.2095
2012-06-21,100.1905
2012-06-20,100.1395
2012-06-19,99.9240
2012-06-18,99.7055
2012-06-15,99.4555
2012-06-14,99.2460
2012-06-13,99.1550
2012-06-12,99.1935
2012-06-11,99.2535
2012-06-08,99.3925
2012-06-07,99.5185
2012-06-06,99.5880
2012-06-05,99.7400
2012-06-04,100.0810
2012-06-01,100.4380
2012-05-31,100.9170
2012-05-30,101.3530
2012-05-29,101.8850
2012-05-25,102.2010
2012-05-24,102.5680
2012-05-23,102.8760
2012-05-22,103.1185
2012-05-21,103.3040
2012-05-18,103.4415
2012-05-17,103.6445
2012-05-16,103.7630
2012-05-15,103.9275
2012-05-14,104.0635
2012-05-11,104.0420
2012-05-10,103.9465
2012-05-09,103.9080
2012-05-08,103.8665
2012-05-07,103.7970
2012-05-04,103.8060
2012-05-03,103.8575
2012-05-02,103.8380
2012-05-01,103.8435
2012-04-30,103.8450
2012-04-27,103.8775
2012-04-26,103.9100
2012-04-25,103.8935
2012-04-24,104.0530
2012-04-23,104.2935
2012-04-20,104.4895
2012-04-19,104.6310
2012-04-18,104.9010
2012-04-17,105.1855
2012-04-16,105.5395
2012-04-13,105.9780
2012-04-12,106.4405
2012-04-11,106.8455
2012-04-10,107.3575
2012-04-09,107.7850
2012-04-05,108.0890
2012-04-04,108.3530
2012-04-03,108.5460
2012-04-02,108.6315
2012-03-30,108.6825
2012-03-29,108.8025
2012-03-28,108.9480
2012-03-27,109.1095
2012-03-26,109.2380
2012-03-23,109.3275
2012-03-22,109.4635
2012-03-21,109.6135
2012-03-20,109.5930
2012-03-19,109.5595
2012-03-16,109.3575
2012-03-15,109.1695
2012-03-14,108.9180
2012-03-13,108.7080
2012-03-12,108.4675
2012-03-09,108.2315
2012-03-08,108.0715
2012-03-07,107.9080
2012-03-06,107.7765
2012-03-05,107.6675
2012-03-02,107.4765
2012-03-01,107.1805
2012-02-29,106.8320
2012-02-28,106.5320
2012-02-27,106.2220
2012-02-24,105.9385
2012-02-23,105.8140
2012-02-22,105.7830
2012-02-21,105.7440
2012-02-17,105.6740
2012-02-16,105.6855
2012-02-15,105.7060
2012-02-14,105.7975
2012-02-13,105.8090
2012-02-10,105.7945
2012-02-09,105.7790
2012-02-08,105.8490
2012-02-07,105.9640
2012-02-06,106.0970
2012-02-03,106.1790
2012-02-02,106.3590
2012-02-01,106.6835
2012-01-31,107.0625
2012-01-30,107.2265
2012-01-27,107.4295
2012-01-26,107.5295
2012-01-25,107.5990
2012-01-24,107.5875
2012-01-23,107.5670
2012-01-20,107.4880
2012-01-19,107.3270
2012-01-18,106.9665
2012-01-17,106.6680
2012-01-13,106.3155
2012-01-12,106.0375
2012-01-11,105.9700
2012-01-10,105.7350
2012-01-09,105.4945
2012-01-06,105.1325
2012-01-05,104.9430
2012-01-04,104.7060
2012-01-03,104.3380
2011-12-30,103.9040
2011-12-29,103.6755
2011-12-28,103.4430
2011-12-27,103.0145
2011-12-23,102.4040
2011-12-22,101.6435
2011-12-21,101.0155
2011-12-20,100.5650
2011-12-19,100.1645
2011-12-16,100.0725
2011-12-15,100.0335
2011-12-14,100.1025
2011-12-13,100.2395
2011-12-12,100.3670
2011-12-09,100.5660
2011-12-08,100.6285
2011-12-07,100.7300
2011-12-06,100.9470
2011-12-05,101.1150
2011-12-02,101.2955
2011-12-01,101.5175
2011-11-30,101.6530
2011-11-29,101.6160
2011-11-28,101.9990
2011-11-25,102.6925
2011-11-23,103.5410
2011-11-22,104.1920
2011-11-21,104.5960
2011-11-18,105.1265
2011-11-17,105.5090
2011-11-16,105.6745
2011-11-15,105.7340
2011-11-14,105.7180
2011-11-11,105.3400
2011-11-10,105.0110
2011-11-09,104.6255
2011-11-08,104.3005
2011-11-07,103.7375
2011-11-04,103.2615
2011-11-03,102.6600
2011-11-02,102.0840
2011-11-01,101.5900
2011-10-31,101.0600
2011-10-28,100.3015
2011-10-27,99.4490
2011-10-26,98.7055
2011-10-25,97.9540
2011-10-24,97.4060
2011-10-21,96.6670
2011-10-20,95.8910
2011-10-19,95.2300
2011-10-18,94.8315
2011-10-17,94.5735
2011-10-14,94.5785
2011-10-13,94.5365
2011-10-12,94.6100
2011-10-11,94.5865
2011-10-10,94.5030
2011-10-07,94.3885
2011-10-06,94.4280
2011-10-05,94.6180
2011-10-04,94.8495
2011-10-03,95.0560
2011-09-30,95.3825
2011-09-29,95.6790
2011-09-28,95.9015
2011-09-27,96.2345
2011-09-26,96.4945
2011-09-23,96.7625
2011-09-22,97.0600
2011-09-21,97.4310
2011-09-20,97.5840
2011-09-19,97.3595
2011-09-16,97.0885
2011-09-15,96.7690
2011-09-14,96.6900
2011-09-13,96.7315
2011-09-12,96.8900
2011-09-09,96.8875
2011-09-08,96.8315
2011-09-07,96.4395
2011-09-06,96.1450
2011-09-02,95.8770
2011-09-01,95.9370
2011-08-31,95.8530
2011-08-30,96.0490
2011-08-29,96.3015
2011-08-26,96.6335
2011-08-25,96.9920
2011-08-24,97.4455
2011-08-23,97.8475
2011-08-22,98.3595
2011-08-19,99.0995
2011-08-18,99.8835
2011-08-17,100.6930
2011-08-16,101.1640
2011-08-15,101.6310
2011-08-12,101.9875
2011-08-11,102.5040
2011-08-10,103.0340
2011-08-09,103.7600
2011-08-08,104.3095
2011-08-05,105.0175
2011-08-04,105.4315
2011-08-03,105.9190
2011-08-02,106.0350
2011-08-01,106.1185
2011-07-29,106.0540
2011-07-28,105.9950
2011-07-27,105.8075
2011-07-26,105.5435
2011-07-25,105.1100
2011-07-22,104.6000
2011-07-21,104.1195
2011-07-20,103.7015
2011-07-19,103.4260
2011-07-18,103.0475
2011-07-15,102.6945
2011-07-14,102.3565
2011-07-13,102.0435
2011-07-12,101.8190
2011-07-11,101.5460
2011-07-08,101.3090
2011-07-07,101.0760
2011-07-06,100.7440
2011-07-05,100.4635
2011-07-01,100.1915
2011-06-30,100.0370
2011-06-29,99.9510
2011-06-28,100.0115
2011-06-27,100.2395
2011-06-24,100.4550
2011-06-23,100.7280
2011-06-22,100.9225
2011-06-21,100.9825
2011-06-20,100.9715
2011-06-17,101.1045
2011-06-16,101.3395
2011-06-15,101.5110
2011-06-14,101.6110
2011-06-13,101.6635
2011-06-10,101.8365
2011-06-09,101.9910
2011-06-08,102.0425
2011-06-07,102.2630
2011-06-06,102.4940
2011-06-03,102.6540
2011-06-02,102.7350
2011-06-01,102.9130
2011-05-31,103.0970
2011-05-27,103.2605
2011-05-26,103.5720
2011-05-25,103.8445
2011-05-24,104.1305
2011-05-23,104.4545
2011-05-20,104.7570
2011-05-19,105.0350
2011-05-18,105.2320
2011-05-17,105.3590
2011-05-16,105.5635
2011-05-13,105.7930
2011-05-12,105.9175
2011-05-11,105.9700
2011-05-10,106.0660
2011-05-09,106.2370
2011-05-06,106.5155
2011-05-05,106.8185
2011-05-04,107.1205
2011-05-03,107.3530
2011-05-02,107.4560
2011-04-29,107.4630
2011-04-28,107.3655
2011-04-27,107.3255
2011-04-26,107.2455
2011-04-25,107.1100
2011-04-21,107.0780
2011-04-20,106.9405
2011-04-19,106.8240
2011-04-18,106.8155
2011-04-15,106.8500
2011-04-14,106.6780
2011-04-13,106.5460
2011-04-12,106.3310
2011-04-11,106.1835
2011-04-08,105.8345
2011-04-07,105.3480
2011-04-06,104.8550
2011-04-05,104.5290
2011-04-04,104.2510
2011-04-01,103.9900
2011-03-31,103.7615
2011-03-30,103.5965
2011-03-29,103.3695
2011-03-28,103.1460
2011-03-25,103.0315
2011-03-24,102.7975
2011-03-23,102.6300
2011-03-22,102.4695
2011-03-21,102.2240
2011-03-18,101.9005
2011-03-17,101.6190
2011-03-16,101.3400
2011-03-15,101.1815
2011-03-14,100.9675
2011-03-11,100.7500
2011-03-10,100.5885
2011-03-09,100.4465
2011-03-08,100.2265
2011-03-07,99.9210
2011-03-04,99.6260
2011-03-03,99.3040
2011-03-02,98.9185
2011-03-01,98.5560
2011-02-28,98.1575
2011-02-25,97.6385
2011-02-24,97.2710
2011-02-23,96.9015
2011-02-22,96.4920
2011-02-18,96.1810
2011-02-17,95.9340
2011-02-16,95.7110
2011-02-15,95.5265
2011-02-14,95.3770
2011-02-11,95.1710
2011-02-10,94.9575
2011-02-09,94.7450
2011-02-08,94.5245
2011-02-07,94.1580
2011-02-04,93.8345
2011-02-03,93.5135
2011-02-02,93.2200
2011-02-01,92.9760
2011-01-31,92.7620
2011-01-28,92.5780
2011-01-27,92.4895
2011-01-26,92.3205
2011-01-25,92.1480
2011-01-24,91.9500
2011-01-21,91.7790
2011-01-20,91.5860
2011-01-19,91.4120
2011-01-18,91.2035
2011-01-14,90.9605
2011-01-13,90.7720
2011-01-12,90.5635
2011-01-11,90.3600
2011-01-10,90.1870
2011-01-07,90.0180
2011-01-06,89.7910
2011-01-05,89.5635
2011-01-04,89.3065
2011-01-03,88.9740
2010-12-31,88.6215
2010-12-30,88.2840
2010-12-29,87.8390
2010-12-28,87.3190
2010-12-27,86.8440
2010-12-23,86.4405
2010-12-22,86.0530
2010-12-21,85.6445
2010-12-20,85.3555
2010-12-17,85.1125
2010-12-16,84.8790
2010-12-15,84.5490
2010-12-14,84.2725
2010-12-13,84.0965
2010-12-10,83.9500
2010-12-09,83.9030
2010-12-08,83.8290
2010-12-07,83.7000
2010-12-06,83.6250
2010-12-03,83.6265
2010-12-02,83.6390
2010-12-01,83.5490
2010-11-30,83.5215
2010-11-29,83.5455
2010-11-26,83.5910
2010-11-24,83.7105
2010-11-23,83.7795
2010-11-22,83.9495
2010-11-19,84.0205
2010-11-18,84.0510
2010-11-17,84.0725
2010-11-16,84.1505
2010-11-15,84.1660
2010-11-12,84.1470
2010-11-11,84.0555
2010-11-10,83.9460
2010-11-09,83.8710
2010-11-08,83.8850
2010-11-05,83.8305
2010-11-04,83.7785
2010-11-03,83.6975
2010-11-02,83.7570
2010-11-01,83.8190
2010-10-29,83.8120
2010-10-28,83.7795
2010-10-27,83.6100
2010-10-26,83.4585
2010-10-25,83.2450
2010-10-22,83.0055
2010-10-21,82.7840
2010-10-20,82.4985
2010-10-19,82.2600
2010-10-18,82.1080
2010-10-15,81.8790
2010-10-14,81.6215
2010-10-13,81.3790
2010-10-12,81.1560
2010-10-11,80.9395
2010-10-08,80.7165
2010-10-07,80.4605
2010-10-06,80.1525
2010-10-05,79.8205
2010-10-04,79.5035
2010-10-01,79.3380
2010-09-30,79.1130
2010-09-29,78.8990
2010-09-28,78.5390
2010-09-27,78.1840
2010-09-24,77.9265
2010-09-23,77.5870
2010-09-22,77.3635
2010-09-21,77.0900
2010-09-20,76.8550
2010-09-17,76.6125
2010-09-16,76.4815
2010-09-15,76.3810
2010-09-14,76.3090
2010-09-13,76.2190
2010-09-10,76.1265
2010-09-09,76.0390
2010-09-08,76.0275
2010-09-07,76.1170
2010-09-03,76.2290
2010-09-02,76.2655
2010-09-01,76.3465
2010-08-31,76.4590
2010-08-30,76.6880
2010-08-27,76.8890
2010-08-26,76.9530
2010-08-25,77.0875
2010-08-24,77.1620
2010-08-23,77.2380
2010-08-20,77.2165
2010-08-19,77.1400
2010-08-18,77.0200
2010-08-17,76.7765
2010-08-16,76.5430
2010-08-13,76.2575
2010-08-12,75.9625
2010-08-11,75.7610
2010-08-10,75.5570
2010-08-09,75.2665
2010-08-06,74.8945
2010-08-05,74.5500
2010-08-04,74.1170
2010-08-03,73.6385
2010-08-02,73.0835
2010-07-30,72.5590
2010-07-29,72.1225
2010-07-28,71.7145
2010-07-27,71.3545
2010-07-26,71.0875
2010-07-23,70.8595
2010-07-22,70.7250
2010-07-21,70.6660
2010-07-20,70.7575
2010-07-19,70.8885
2010-07-16,71.0645
2010-07-15,71.2555
2010-07-14,71.3510
2010-07-13,71.4600
2010-07-12,71.5075
2010-07-09,71.6180
2010-07-08,71.7345
2010-07-07,71.7535
2010-07-06,71.8321
2010-07-02,72.0216
2010-07-01,72.2201
2010-06-30,72.5416
2010-06-29,72.8551
2010-06-28,73.0516
2010-06-25,73.2471
2010-06-24,73.4621
2010-06-23,73.4981
2010-06-22,73.5136
2010-06-21,73.4856
2010-06-18,73.4236
2010-06-17,73.3276
2010-06-16,73.3916
2010-06-15,73.4865
2010-06-14,73.6115
2010-06-11,73.7940
2010-06-10,74.0370
2010-06-09,74.3315
2010-06-08,74.7770
2010-06-07,75.2204
2010-06-04,75.5079
2010-06-03,75.8039
2010-06-02,76.1179
2010-06-01,76.4494
2010-05-28,76.9764
2010-05-27,77.3549
2010-05-26,77.7514
2010-05-25,78.2049
2010-05-24,78.5879
2010-05-21,79.0454
2010-05-20,79.4549
2010-05-19,79.8349
2010-05-18,80.1009
2010-05-17,80.3610
2010-05-14,80.5405
2010-05-13,80.6865
2010-05-12,80.8200
2010-05-11,80.8460
2010-05-10,80.8715
2010-05-07,80.8985
2010-05-06,81.0185
2010-05-05,81.0415
2010-05-04,80.9005
2010-05-03,80.7565
2010-04-30,80.4980
2010-04-29,80.2605
2010-04-28,79.9375
2010-04-27,79.6715
2010-04-26,79.4215
2010-04-23,79.0135
2010-04-22,78.5700
2010-04-21,78.2065
2010-04-20,77.8490
2010-04-19,77.4695
2010-04-16,77.1525
2010-04-15,76.8530
2010-04-14,76.5070
2010-04-13,76.1770
2010-04-12,75.8450
2010-04-09,75.5095
2010-04-08,75.2340
2010-04-07,75.0490
2010-04-06,74.8955
2010-04-05,74.7335
2010-04-01,74.5655
2010-03-31,74.3850
2010-03-30,74.2500
2010-03-29,74.1510
2010-03-26,74.0300
2010-03-25,73.9235
2010-03-24,73.8390
2010-03-23,73.7595
2010-03-22,73.6230
2010-03-19,73.5480
2010-03-18,73.5015
2010-03-17,73.4445
2010-03-16,73.3530
2010-03-15,73.3035
2010-03-12,73.1755
2010-03-11,73.0420
2010-03-10,72.8800
2010-03-09,72.7475
2010-03-08,72.5390
2010-03-05,72.3660
2010-03-04,72.2195
2010-03-03,72.2260
2010-03-02,72.2920
2010-03-01,72.3050
2010-02-26,72.2705
2010-02-25,72.3175
2010-02-24,72.3970
2010-02-23,72.4875
2010-02-22,72.6130
2010-02-19,72.6945
2010-02-18,72.8040
2010-02-17,73.0305
2010-02-16,73.3725
2010-02-12,73.6845
2010-02-11,74.1115
2010-02-10,74.5490
2010-02-09,75.0320
2010-02-08,75.5105
2010-02-05,75.9775
2010-02-04,76.3850
2010-02-03,76.7980
2010-02-02,77.1185
2010-02-01,77.3490
2010-01-29,77.5195
2010-01-28,77.7960
2010-01-27,77.9945
2010-01-26,78.1980
2010-01-25,78.3620
2010-01-22,78.4865
2010-01-21,78.6315
2010-01-20,78.6945
2010-01-19,78.6320
2010-01-15,78.4870
2010-01-14,78.4200
2010-01-13,78.3110
2010-01-12,78.1840
2010-01-11,78.0515
2010-01-08,77.8785
2010-01-07,77.7580
2010-01-06,77.6295
2010-01-05,77.5565
2010-01-04,77.4790
2009-12-31,77.4240
2009-12-30,77.5110
2009-12-29,77.5815
2009-12-28,77.6230
2009-12-24,77.6430
2009-12-23,77.7535
2009-12-22,77.8530
2009-12-21,77.9155
2009-12-18,77.8790
2009-12-17,77.9010
2009-12-16,78.0080
2009-12-15,78.0540
2009-12-14,78.1160
2009-12-11,78.1160
2009-12-10,78.0990
2009-12-09,78.1535
2009-12-08,78.2175
2009-12-07,78.2625
2009-12-04,78.2305
2009-12-03,78.1890
2009-12-02,78.1050
2009-12-01,78.0035
2009-11-30,77.8825
2009-11-27,77.8075
2009-11-25,77.7965
2009-11-24,77.6090
2009-11-23,77.4870
2009-11-20,77.3225
2009-11-19,77.3180
2009-11-18,77.3155
2009-11-17,77.2180
2009-11-16,77.1290
2009-11-13,77.0815
2009-11-12,77.0590
2009-11-11,77.0225
2009-11-10,76.8700
2009-11-09,76.6565
2009-11-06,76.4570
2009-11-05,76.2185
2009-11-04,75.9290
2009-11-03,75.6405
2009-11-02,75.3335
2009-10-30,74.9710
2009-10-29,74.5510
2009-10-28,74.0940
2009-10-27,73.8210
2009-10-26,73.5370
2009-10-23,73.3495
2009-10-22,73.0485
2009-10-21,72.7195
2009-10-20,72.4395
2009-10-19,72.2195
2009-10-16,71.9390
2009-10-15,71.7305
2009-10-14,71.4945
2009-10-13,71.3440
2009-10-12,71.2220
2009-10-09,71.0905
2009-10-08,70.9900
2009-10-07,70.9900
2009-10-06,70.9810
2009-10-05,70.9770
2009-10-02,70.9555
2009-10-01,70.9650
2009-09-30,70.9265
2009-09-29,70.8290
2009-09-28,70.7805
2009-09-25,70.7295
2009-09-24,70.7465
2009-09-23,70.7655
2009-09-22,70.7295
2009-09-21,70.6360
2009-09-18,70.5200
2009-09-17,70.3190
2009-09-16,70.1285
2009-09-15,69.8530
2009-09-14,69.6010
2009-09-11,69.4465
2009-09-10,69.3355
2009-09-09,69.1990
2009-09-08,69.0795
2009-09-04,69.0170
2009-09-03,69.0440
2009-09-02,69.0900
2009-09-01,69.1775
2009-08-31,69.2740
2009-08-28,69.2970
2009-08-27,69.2365
2009-08-26,69.0715
2009-08-25,68.8730
2009-08-24,68.7575
2009-08-21,68.6620
2009-08-20,68.5970
2009-08-19,68.5605
2009-08-18,68.4495
2009-08-17,68.4150
2009-08-14,68.3675
2009-08-13,68.2260
2009-08-12,68.0440
2009-08-11,67.8365
2009-08-10,67.5895
2009-08-07,67.2500
2009-08-06,66.8450
2009-08-05,66.5365
2009-08-04,66.1860
2009-08-03,65.8005
2009-07-31,65.4875
2009-07-30,65.2390
2009-07-29,65.1800
2009-07-28,65.1365
2009-07-27,65.0635
2009-07-24,64.9185
2009-07-23,64.8405
2009-07-22,64.7320
2009-07-21,64.7330
2009-07-20,64.7085
2009-07-17,64.8295
2009-07-16,64.9950
2009-07-15,65.1920
2009-07-14,65.4575
2009-07-13,65.8615
2009-07-10,66.3730
2009-07-09,66.8980
2009-07-08,67.2550
2009-07-07,67.6255
2009-07-06,67.9695
2009-07-02,68.2310
2009-07-01,68.4955
2009-06-30,68.5825
2009-06-29,68.7375
2009-06-26,68.8540
2009-06-25,68.8900
2009-06-24,68.8370
2009-06-23,68.7795
2009-06-22,68.7645
2009-06-19,68.6985
2009-06-18,68.5190
2009-06-17,68.3580
2009-06-16,68.2095
2009-06-15,68.0170
2009-06-12,67.7570
2009-06-11,67.5160
2009-06-10,67.3260
2009-06-09,67.2745
2009-06-08,67.1650
2009-06-05,67.2050
2009-06-04,67.1355
2009-06-03,67.0515
2009-06-02,66.9260
2009-06-01,66.7925
2009-05-29,66.6755
2009-05-28,66.6470
2009-05-27,66.7345
2009-05-26,66.8055
2009-05-22,66.7930
2009-05-21,66.9010
2009-05-20,66.9540
2009-05-19,66.8810
2009-05-18,66.8320
2009-05-15,66.7240
2009-05-14,66.7305
2009-05-13,66.6345
2009-05-12,66.5645
2009-05-11,66.4340
2009-05-08,66.4330
2009-05-07,66.3755
2009-05-06,66.4005
2009-05-05,66.4150
2009-05-04,66.6220
2009-05-01,66.8120
2009-04-30,66.9840
2009-04-29,67.0940
2009-04-28,67.0780
2009-04-27,67.1185
2009-04-24,67.2930
2009-04-23,67.4715
2009-04-22,67.6800
2009-04-21,67.9390
2009-04-20,68.1525
2009-04-17,68.1945
2009-04-16,68.2505
2009-04-15,68.2835
2009-04-14,68.2140
2009-04-13,68.0320
2009-04-09,67.7785
2009-04-08,67.4870
2009-04-07,67.1240
2009-04-06,66.7930
2009-04-03,66.2125
2009-04-02,65.6020
2009-04-01,64.9095
2009-03-31,64.4585
2009-03-30,63.9830
2009-03-27,63.5240
2009-03-26,63.1145
2009-03-25,62.7645
2009-03-24,62.4545
2009-03-23,62.2720
2009-03-20,61.9615
2009-03-19,61.9795
2009-03-18,61.9570
2009-03-17,61.9335
2009-03-16,61.9770
2009-03-13,62.3165
2009-03-12,62.6640
2009-03-11,63.0570
2009-03-10,63.5520
2009-03-09,64.1840
2009-03-06,65.0150
2009-03-05,65.7640
2009-03-04,66.5210
2009-03-03,67.1390
2009-03-02,67.7670
2009-02-27,68.4120
2009-02-26,68.9075
2009-02-25,69.4385
2009-02-24,69.8680
2009-02-23,70.1685
2009-02-20,70.5625
2009-02-19,70.8065
2009-02-18,71.0340
2009-02-17,71.1435
2009-02-13,71.4215
2009-02-12,71.4735
2009-02-11,71.4650
2009-02-10,71.4930
2009-02-09,71.4780
2009-02-06,71.3980
2009-02-05,71.3650
2009-02-04,71.4005
2009-02-03,71.6880
2009-02-02,71.9390
2009-01-30,72.2505
2009-01-29,72.4230
2009-01-28,72.5610
2009-01-27,72.4490
2009-01-26,72.3620
2009-01-23,72.2785
2009-01-22,72.1975
2009-01-21,72.1695
2009-01-20,72.1505
2009-01-16,72.3865
2009-01-15,72.6405
2009-01-14,73.0525
2009-01-13,73.4785
2009-01-12,73.8375
2009-01-09,74.2695
2009-01-08,74.5505
2009-01-07,74.6165
2009-01-06,74.8230
2009-01-05,74.6765
2009-01-02,74.4315
2008-12-31,74.3425
2008-12-30,74.4210
2008-12-29,74.3530
2008-12-26,74.7260
2008-12-24,75.2050
2008-12-23,75.5505
2008-12-22,75.8055
2008-12-19,75.8605
2008-12-18,75.5380
2008-12-17,75.4170
2008-12-16,75.2460
2008-12-15,74.8345
2008-12-12,74.5580
2008-12-11,74.3935
2008-12-10,73.7845
2008-12-09,73.5395
2008-12-08,73.4785
2008-12-05,73.2470
2008-12-04,73.0315
2008-12-03,73.1875
2008-12-02,73.3600
2008-12-01,73.2675
2008-11-28,73.3965
2008-11-26,73.1550
2008-11-25,72.7085
2008-11-24,72.3830
2008-11-21,71.7535
2008-11-20,71.4245
2008-11-19,71.5430
2008-11-18,71.0995
2008-11-17,70.7695
2008-11-14,70.7110
2008-11-13,70.1945
2008-11-12,69.5640
2008-11-11,69.1990
2008-11-10,68.9490
2008-11-07,68.7265
2008-11-06,67.9450
2008-11-05,67.6395
2008-11-04,67.5505
2008-11-03,67.3085
2008-10-31,67.4660
2008-10-30,67.7050
2008-10-29,67.9740
2008-10-28,68.5340
2008-10-27,69.1570
2008-10-24,69.9465
2008-10-23,71.0985
2008-10-22,72.1335
2008-10-21,73.3080
2008-10-20,74.2410
2008-10-17,75.1270
2008-10-16,76.3995
2008-10-15,77.3885
2008-10-14,78.3920
2008-10-13,79.0580
2008-10-10,79.5680
2008-10-09,80.8885
2008-10-08,81.8285
2008-10-07,82.2315
2008-10-06,82.5035
2008-10-03,82.7140
2008-10-02,82.7560
2008-10-01,82.8390
2008-09-30,82.9380
2008-09-29,82.9785
2008-09-26,83.4195
2008-09-25,83.4310
2008-09-24,83.3885
2008-09-23,83.4165
2008-09-22,83.4190
2008-09-19,83.4575
2008-09-18,83.4935
2008-09-17,83.6725
2008-09-16,83.9055
2008-09-15,83.9720
2008-09-12,84.1800
2008-09-11,84.2970
2008-09-10,84.4690
2008-09-09,84.5890
2008-09-08,84.8535
2008-09-05,85.0210
2008-09-04,85.1815
2008-09-03,85.3485
2008-09-02,85.2640
2008-08-29,85.2395
2008-08-28,85.1390
2008-08-27,85.0080
2008-08-26,85.0400
2008-08-25,84.8925
2008-08-22,84.7415
2008-08-21,84.4645
2008-08-20,84.1385
2008-08-19,83.9480
2008-08-18,83.9940
2008-08-15,84.1800
2008-08-14,84.2700
2008-08-13,84.2245
2008-08-12,84.2320
2008-08-11,84.5250
2008-08-08,84.9610
2008-08-07,85.3535
2008-08-06,85.9945
2008-08-05,86.4620
2008-08-04,87.1270
2008-08-01,87.8280
2008-07-31,88.5440
2008-07-30,89.1870
2008-07-29,89.7780
2008-07-28,90.5925
2008-07-25,91.3580
2008-07-24,92.1005
2008-07-23,92.9685
2008-07-22,93.7680
2008-07-21,94.4395
2008-07-18,94.9250
2008-07-17,95.4655
2008-07-16,96.1450
2008-07-15,96.8440
2008-07-14,97.3475
2008-07-11,97.6775
2008-07-10,97.9680
2008-07-09,98.1265
2008-07-08,98.3700
2008-07-07,98.6405
2008-07-03,98.7745
2008-07-02,98.8425
2008-07-01,98.7735
2008-06-30,98.7125
2008-06-27,98.7245
2008-06-26,98.7920
2008-06-25,98.8645
2008-06-24,98.9175
2008-06-23,98.9645
2008-06-20,99.0480
2008-06-19,99.3125
2008-06-18,99.6205
2008-06-17,99.8120
2008-06-16,99.9035
2008-06-13,99.9480
2008-06-12,99.9025
2008-06-11,99.8855
2008-06-10,99.8010
2008-06-09,99.7300
2008-06-06,99.5395
2008-06-05,99.4365
2008-06-04,99.2010
2008-06-03,99.2425
2008-06-02,99.1305
2008-05-30,98.9280
2008-05-29,98.7175
2008-05-28,98.5820
2008-05-27,98.2980
2008-05-23,97.9440
2008-05-22,97.5420
2008-05-21,97.0665
2008-05-20,96.6395
2008-05-19,96.1865
2008-05-16,95.7115
2008-05-15,95.3515
2008-05-14,95.0265
2008-05-13,94.7370
2008-05-12,94.3590
2008-05-09,93.9560
2008-05-08,93.5265
2008-05-07,93.1345
2008-05-06,92.8680
2008-05-05,92.4885
2008-05-02,92.1210
2008-05-01,91.7575
2008-04-30,91.3965
2008-04-29,90.9645
2008-04-28,90.5645
2008-04-25,90.2075
2008-04-24,89.7980
2008-04-23,89.3980
2008-04-22,88.9220
2008-04-21,88.4475
2008-04-18,88.0130
2008-04-17,87.5145
2008-04-16,87.0095
2008-04-15,86.7190
2008-04-14,86.4200
2008-04-11,86.2220
2008-04-10,86.1340
2008-04-09,85.9905
2008-04-08,85.9010
2008-04-07,85.6735
2008-04-04,85.5230
2008-04-03,85.5105
2008-04-02,85.5640
2008-04-01,85.5250
2008-03-31,85.5480
2008-03-28,85.6130
2008-03-27,85.8390
2008-03-26,86.0300
2008-03-25,86.1880
2008-03-24,86.3200
2008-03-20,86.3905
2008-03-19,86.4690
2008-03-18,86.6915
2008-03-17,86.6270
2008-03-14,86.5975
2008-03-13,86.4725
2008-03-12,86.2265
2008-03-11,85.9460
2008-03-10,85.5595
2008-03-07,85.2860
2008-03-06,84.9600
2008-03-05,84.4455
2008-03-04,83.9930
2008-03-03,83.7575
2008-02-29,83.5220
2008-02-28,83.3515
2008-02-27,83.0620
2008-02-26,82.7810
2008-02-25,82.5180
2008-02-22,82.2500
2008-02-21,82.1625
2008-02-20,81.9960
2008-02-19,81.7415
2008-02-15,81.6730
2008-02-14,81.6305
2008-02-13,81.8010
2008-02-12,82.1085
2008-02-11,82.5980
2008-02-08,83.1100
2008-02-07,83.7420
2008-02-06,84.4335
2008-02-05,85.1055
2008-02-04,85.7250
2008-02-01,86.2915
2008-01-31,86.8975
2008-01-30,87.4080
2008-01-29,87.9130
2008-01-28,88.5260
2008-01-25,89.0705
2008-01-24,89.7215
2008-01-23,90.2620
2008-01-22,90.8915
2008-01-18,91.4315
2008-01-17,91.8035
2008-01-16,92.2255
2008-01-15,92.4120
2008-01-14,92.5995
2008-01-11,92.7080
2008-01-10,92.7635
2008-01-09,92.6630
2008-01-08,92.6205
2008-01-07,92.6210
2008-01-04,92.5835
2008-01-03,92.3810
2008-01-02,92.0085
2007-12-31,91.7275
2007-12-28,91.4495
2007-12-27,91.0345
2007-12-26,90.6500
2007-12-24,90.1235
2007-12-21,89.5890
2007-12-20,89.2205
2007-12-19,88.9055
2007-12-18,88.7555
2007-12-17,88.4475
2007-12-14,88.2475
2007-12-13,87.8545
2007-12-12,87.5080
2007-12-11,87.2605
2007-12-10,87.0295
2007-12-07,86.8065
2007-12-06,86.7175
2007-12-05,86.5255
2007-12-04,86.5925
2007-12-03,86.6585
2007-11-30,86.6905
2007-11-29,86.7540
2007-11-28,87.0015
2007-11-27,87.2025
2007-11-26,87.6310
2007-11-23,88.0240
2007-11-21,88.2520
2007-11-20,88.4595
2007-11-19,88.5105
2007-11-16,88.6810
2007-11-15,88.8455
2007-11-14,89.2585
2007-11-13,89.6140
2007-11-12,89.9450
2007-11-09,90.2980
2007-11-08,90.5055
2007-11-07,90.5965
2007-11-06,90.8235
2007-11-05,90.9315
2007-11-02,91.0865
2007-11-01,91.2785
2007-10-31,91.4185
2007-10-30,91.4170
2007-10-29,91.5410
2007-10-26,91.6190
2007-10-25,91.7155
2007-10-24,91.8295
2007-10-23,91.9600
2007-10-22,92.1080
2007-10-19,92.4035
2007-10-18,92.6820
2007-10-17,92.7695
2007-10-16,92.8120
2007-10-15,92.8065
2007-10-12,92.7365
2007-10-11,92.6985
2007-10-10,92.6530
2007-10-09,92.5085
2007-10-08,92.2980
2007-10-05,92.0715
2007-10-04,91.8380
2007-10-03,91.6925
2007-10-02,91.5365
2007-10-01,91.3450
2007-09-28,91.0110
2007-09-27,90.6915
2007-09-26,90.3510
2007-09-25,89.9405
2007-09-24,89.6965
2007-09-21,89.3400
2007-09-20,88.8720
2007-09-19,88.4330
2007-09-18,87.9425
2007-09-17,87.5200
2007-09-14,87.1915
2007-09-13,86.7285
2007-09-12,86.2620
2007-09-11,85.9250
2007-09-10,85.6180
2007-09-07,85.4365
2007-09-06,85.1095
2007-09-05,84.8795
2007-09-04,84.6205
2007-08-31,84.2850
2007-08-30,83.9480
2007-08-29,83.7830
2007-08-28,83.7065
2007-08-27,83.7545
2007-08-24,83.7260
2007-08-23,83.6250
2007-08-22,83.7240
2007-08-21,84.0070
2007-08-20,84.2845
2007-08-17,84.6685
2007-08-16,85.0565
2007-08-15,85.6370
2007-08-14,86.2530
2007-08-13,86.6855
2007-08-10,87.1690
2007-08-09,87.6645
2007-08-08,88.2740
2007-08-07,88.5950
2007-08-06,88.8860
2007-08-03,89.2600
2007-08-02,89.5930
2007-08-01,89.7270
2007-07-31,89.7850
2007-07-30,89.7795
2007-07-27,89.6700
2007-07-26,89.6190
2007-07-25,89.4405
2007-07-24,89.0230
2007-07-23,88.6780
2007-07-20,88.1270
2007-07-19,87.6635
2007-07-18,87.0620
2007-07-17,86.5725
2007-07-16,86.1870
2007-07-13,85.7395
2007-07-12,85.1895
2007-07-11,84.5820
2007-07-10,84.0725
2007-07-09,83.6905
2007-07-06,83.2500
2007-07-05,82.8760
2007-07-03,82.6370
2007-07-02,82.4570
2007-06-29,82.3560
2007-06-28,82.2555
2007-06-27,82.1210
2007-06-26,82.0390
2007-06-25,81.9395
2007-06-22,81.8485
2007-06-21,81.7695
2007-06-20,81.6970
2007-06-19,81.7575
2007-06-18,81.7345
2007-06-15,81.7075
2007-06-14,81.6220
2007-06-13,81.5420
2007-06-12,81.5210
2007-06-11,81.5365
2007-06-08,81.4705
2007-06-07,81.3455
2007-06-06,81.3230
2007-06-05,81.2360
2007-06-04,81.0785
2007-06-01,80.8870
2007-05-31,80.7535
2007-05-30,80.6110
2007-05-29,80.4160
2007-05-25,80.2700
2007-05-24,80.1175
2007-05-23,80.0280
2007-05-22,79.8740
2007-05-21,79.6200
2007-05-18,79.3565
2007-05-17,79.1365
2007-05-16,78.9040
2007-05-15,78.7560
2007-05-14,78.6175
2007-05-11,78.4675
2007-05-10,78.3160
2007-05-09,78.2650
2007-05-08,78.1055
2007-05-07,77.9550
2007-05-04,77.7505
2007-05-03,77.5660
2007-05-02,77.3655
2007-05-01,77.2005
2007-04-30,77.0245
2007-04-27,76.8330
2007-04-26,76.6765
2007-04-25,76.4715
2007-04-24,76.2640
2007-04-23,76.1290
2007-04-20,75.9360
2007-04-19,75.6600
2007-04-18,75.3865
2007-04-17,75.0005
2007-04-16,74.5715
2007-04-13,74.0820
2007-04-12,73.6750
2007-04-11,73.2325
2007-04-10,72.7965
2007-04-09,72.3860
2007-04-05,72.0350
2007-04-04,71.6775
2007-04-03,71.3165
2007-04-02,70.9330
2007-03-30,70.5130
2007-03-29,70.1545
2007-03-28,69.7870
2007-03-27,69.5090
2007-03-26,69.2295
2007-03-23,69.0800
2007-03-22,68.9485
2007-03-21,68.8355
2007-03-20,68.7655
2007-03-19,68.7690
2007-03-16,68.8405
2007-03-15,69.0045
2007-03-14,69.1705
2007-03-13,69.3960
2007-03-12,69.6200
2007-03-09,69.8445
2007-03-08,70.1085
2007-03-07,70.3175
2007-03-06,70.5695
2007-03-05,70.8750
2007-03-02,71.2555
2007-03-01,71.6395
2007-02-28,71.9035
2007-02-27,72.1310
2007-02-26,72.2785
2007-02-23,72.2830
2007-02-22,72.3055
2007-02-21,72.4140
2007-02-20,72.5450
2007-02-16,72.6000
2007-02-15,72.6755
2007-02-14,72.6535
2007-02-13,72.5850
2007-02-12,72.4270
2007-02-09,72.3285
2007-02-08,72.0970
2007-02-07,71.8800
2007-02-06,71.7795
2007-02-05,71.6835
2007-02-02,71.5220
2007-02-01,71.3340
2007-01-31,71.1590
2007-01-30,71.1915
2007-01-29,71.2520
2007-01-26,71.3775
2007-01-25,71.4570
2007-01-24,71.5175
2007-01-23,71.5370
2007-01-22,71.5915
2007-01-19,71.7550
2007-01-18,71.8055
2007-01-17,72.0285
2007-01-16,72.2860
2007-01-12,72.5225
2007-01-11,72.6975
2007-01-10,72.9480
2007-01-09,73.1190
2007-01-08,73.2535
2007-01-05,73.3590
2007-01-04,73.5290
2007-01-03,73.6900
2006-12-29,73.7970
2006-12-28,73.7365
2006-12-27,73.5750
2006-12-26,73.3670
2006-12-22,73.1500
2006-12-21,72.9555
2006-12-20,72.7740
2006-12-19,72.6025
2006-12-18,72.3400
2006-12-15,72.1285
2006-12-14,71.7870
2006-12-13,71.4860
2006-12-12,71.2850
2006-12-11,71.1100
2006-12-08,70.9020
2006-12-07,70.7705
2006-12-06,70.5800
2006-12-05,70.3475
2006-12-04,70.1385
2006-12-01,69.9090
2006-11-30,69.6430
2006-11-29,69.3760
2006-11-28,69.1835
2006-11-27,69.0090
2006-11-24,68.9555
2006-11-22,68.8885
2006-11-21,68.7875
2006-11-20,68.6210
2006-11-17,68.4410
2006-11-16,68.2500
2006-11-15,68.1045
2006-11-14,67.8370
2006-11-13,67.5645
2006-11-10,67.2995
2006-11-09,67.0325
2006-11-08,66.7235
2006-11-07,66.4030
2006-11-06,66.1525
2006-11-03,65.8260
2006-11-02,65.5635
2006-11-01,65.3680
2006-10-31,65.2040
2006-10-30,64.9910
2006-10-27,64.8970
2006-10-26,64.7560
2006-10-25,64.6075
2006-10-24,64.4385
2006-10-23,64.2735
2006-10-20,64.1005
2006-10-19,63.9335
2006-10-18,63.7540
2006-10-17,63.5680
2006-10-16,63.4160
2006-10-13,63.3060
2006-10-12,63.1855
2006-10-11,63.0870
2006-10-10,63.0515
2006-10-09,62.9260
2006-10-06,62.8640
2006-10-05,62.8920
2006-10-04,62.9680
2006-10-03,63.0440
2006-10-02,63.2140
2006-09-29,63.2300
2006-09-28,63.2070
2006-09-27,63.2400
2006-09-26,63.3170
2006-09-25,63.4455
2006-09-22,63.6750
2006-09-21,63.9145
2006-09-20,64.0960
2006-09-19,64.3795
2006-09-18,64.6295
2006-09-15,64.8500
2006-09-14,65.0680
2006-09-13,65.2360
2006-09-12,65.4595
2006-09-11,65.7425
2006-09-08,66.0350
2006-09-07,66.1915
2006-09-06,66.2955
2006-09-05,66.3945
2006-09-01,66.4190
2006-08-31,66.4605
2006-08-30,66.5155
2006-08-29,66.5545
2006-08-28,66.5800
2006-08-25,66.5610
2006-08-24,66.5250
2006-08-23,66.5750
2006-08-22,66.6660
2006-08-21,66.6860
2006-08-18,66.6550
2006-08-17,66.5145
2006-08-16,66.4730
2006-08-15,66.5020
2006-08-14,66.4365
2006-08-11,66.3275
2006-08-10,66.2540
2006-08-09,66.1335
2006-08-08,66.0030
2006-08-07,65.9080
2006-08-04,65.7800
2006-08-03,65.6810
2006-08-02,65.6050
2006-08-01,65.5005
2006-07-31,65.3255
2006-07-28,65.1395
2006-07-27,64.9595
2006-07-26,64.6410
2006-07-25,64.2710
2006-07-24,63.9075
2006-07-21,63.5295
2006-07-20,63.2400
2006-07-19,62.8880
2006-07-18,62.4640
2006-07-17,62.0620
2006-07-14,61.7540
2006-07-13,61.4065
2006-07-12,61.0510
2006-07-11,60.6465
2006-07-10,60.2610
2006-07-07,59.9325
2006-07-06,59.6415
2006-07-05,59.3010
2006-07-03,59.0535
2006-06-30,58.8835
2006-06-29,58.8180
2006-06-28,58.6945
2006-06-27,58.6160
2006-06-26,58.5335
2006-06-23,58.5410
2006-06-22,58.5800
2006-06-21,58.5270
2006-06-20,58.5180
2006-06-19,58.5535
2006-06-16,58.6015
2006-06-15,58.6010
2006-06-14,58.5765
2006-06-13,58.7100
2006-06-12,58.8990
2006-06-09,59.0885
2006-06-08,59.3390
2006-06-07,59.5900
2006-06-06,59.8745
2006-06-05,60.0285
2006-06-02,60.1785
2006-06-01,60.2410
2006-05-31,60.3370
2006-05-30,60.4875
2006-05-26,60.6235
2006-05-25,60.6830
2006-05-24,60.7075
2006-05-23,60.8385
2006-05-22,60.9540
2006-05-19,61.0925
2006-05-18,61.2430
2006-05-17,61.3095
2006-05-16,61.4130
2006-05-15,61.4315
2006-05-12,61.3695
2006-05-11,61.2395
2006-05-10,61.0375
2006-05-09,60.8665
2006-05-08,60.7095
2006-05-05,60.5415
2006-05-04,60.3945
2006-05-03,60.2695
2006-05-02,60.1200
2006-05-01,59.8970
2006-04-28,59.7370
2006-04-27,59.6115
2006-04-26,59.5440
2006-04-25,59.4260
2006-04-24,59.3160
2006-04-21,59.1450
2006-04-20,58.9025
2006-04-19,58.7255
2006-04-18,58.5035
2006-04-17,58.2975
2006-04-13,58.1905
2006-04-12,58.1385
2006-04-11,58.0300
2006-04-10,57.8745
2006-04-07,57.6475
2006-04-06,57.4190
2006-04-05,57.1710
2006-04-04,56.9520
2006-04-03,56.7725
2006-03-31,56.6480
2006-03-30,56.5980
2006-03-29,56.5230
2006-03-28,56.4535
2006-03-27,56.3845
2006-03-24,56.3290
2006-03-23,56.3330
2006-03-22,56.3585
2006-03-21,56.3960
2006-03-20,56.4625
2006-03-17,56.4835
2006-03-16,56.4395
2006-03-15,56.3505
2006-03-14,56.3115
2006-03-13,56.3250
2006-03-10,56.3965
2006-03-09,56.5375
2006-03-08,56.7095
2006-03-07,56.8405
2006-03-06,57.0165
2006-03-03,57.0990
2006-03-02,57.1760
2006-03-01,57.2605
2006-02-28,57.3675
2006-02-27,57.5810
2006-02-24,57.7450
2006-02-23,57.8735
2006-02-22,58.0795
2006-02-21,58.3200
2006-02-17,58.5355
2006-02-16,58.7330
2006-02-15,58.9980
2006-02-14,59.2750
2006-02-13,59.5820
2006-02-10,59.7690
2006-02-09,59.9330
2006-02-08,60.0800
2006-02-07,60.1475
2006-02-06,60.2080
2006-02-03,60.2285
2006-02-02,60.2630
2006-02-01,60.2830
2006-01-31,60.3020
2006-01-30,60.1715
2006-01-27,59.9575
2006-01-26,59.7735
2006-01-25,59.5570
2006-01-24,59.3505
2006-01-23,59.1035
2006-01-20,58.8440
2006-01-19,58.6315
2006-01-18,58.3890
2006-01-17,58.1895
2006-01-13,58.0475
2006-01-12,57.9935
2006-01-11,57.9420
2006-01-10,57.9290
2006-01-09,57.9080
2006-01-06,57.9415
2006-01-05,57.9440
2006-01-04,58.0335
2006-01-03,58.0700
2005-12-30,58.0750
2005-12-29,58.1720
2005-12-28,58.2140
2005-12-27,58.2475
2005-12-23,58.3120
2005-12-22,58.3825
2005-12-21,58.4625
2005-12-20,58.5675
2005-12-19,58.6665
2005-12-16,58.7345
2005-12-15,58.7320
2005-12-14,58.6385
2005-12-13,58.5090
2005-12-12,58.3960
2005-12-09,58.2485
2005-12-08,58.1190
2005-12-07,57.9765
2005-12-06,57.9045
2005-12-05,57.7755
2005-12-02,57.6940
2005-12-01,57.7090
2005-11-30,57.6995
2005-11-29,57.7160
2005-11-28,57.7010
2005-11-25,57.7110
2005-11-23,57.6090
2005-11-22,57.5565
2005-11-21,57.5340
2005-11-18,57.4830
2005-11-17,57.3925
2005-11-16,57.3070
2005-11-15,57.3665
2005-11-14,57.3965
2005-11-11,57.5640
2005-11-10,57.7065
2005-11-09,57.8720
2005-11-08,58.0815
2005-11-07,58.2960
2005-11-04,58.4425
2005-11-03,58.5920
2005-11-02,58.6180
2005-11-01,58.7940
2005-10-31,59.0540
2005-10-28,59.4230
2005-10-27,59.7905
2005-10-26,60.2540
2005-10-25,60.6200
2005-10-24,60.8955
2005-10-21,61.2160
2005-10-20,61.5645
2005-10-19,61.9655
2005-10-18,62.2620
2005-10-17,62.5995
2005-10-14,62.8175
2005-10-13,63.0125
2005-10-12,63.1580
2005-10-11,63.2375
2005-10-10,63.2485
2005-10-07,63.3970
2005-10-06,63.5375
2005-10-05,63.6405
2005-10-04,63.6570
2005-10-03,63.6320
2005-09-30,63.5245
2005-09-29,63.4235
2005-09-28,63.2050
2005-09-27,62.9830
2005-09-26,62.7495
2005-09-23,62.5065
2005-09-22,62.3350
2005-09-21,62.1380
2005-09-20,61.9280
2005-09-19,61.7430
2005-09-16,61.5235
2005-09-15,61.3285
2005-09-14,61.1880
2005-09-13,61.1075
2005-09-12,61.0955
2005-09-09,61.0445
2005-09-08,60.9790
2005-09-07,61.0000
2005-09-06,60.9425
2005-09-02,60.8885
2005-09-01,60.7905
2005-08-31,60.6755
2005-08-30,60.6230
2005-08-29,60.5740
2005-08-26,60.5200
2005-08-25,60.4515
2005-08-24,60.4065
2005-08-23,60.3315
2005-08-22,60.2205
2005-08-19,60.1220
2005-08-18,60.0155
2005-08-17,59.8900
2005-08-16,59.7880
2005-08-15,59.6060
2005-08-12,59.3175
2005-08-11,59.0370
2005-08-10,58.7530
2005-08-09,58.5025
2005-08-08,58.3170
2005-08-05,58.1190
2005-08-04,57.9700
2005-08-03,57.8395
2005-08-02,57.6800
2005-08-01,57.6300
2005-07-29,57.5570
2005-07-28,57.4525
2005-07-27,57.3435
2005-07-26,57.2770
2005-07-25,57.2470
2005-07-22,57.1630
2005-07-21,57.1400
2005-07-20,57.2050
2005-07-19,57.2640
2005-07-18,57.3660
2005-07-15,57.4965
2005-07-14,57.5590
2005-07-13,57.5600
2005-07-12,57.4930
2005-07-11,57.4180
2005-07-08,57.3680
2005-07-07,57.3005
2005-07-06,57.1520
2005-07-05,57.0330
2005-07-01,56.8475
2005-06-30,56.7520
2005-06-29,56.7045
2005-06-28,56.5555
2005-06-27,56.3945
2005-06-24,56.2610
2005-06-23,56.1125
2005-06-22,55.9120
2005-06-21,55.6310
2005-06-20,55.3205
2005-06-17,54.9395
2005-06-16,54.5990
2005-06-15,54.2755
2005-06-14,54.0070
2005-06-13,53.7260
2005-06-10,53.4895
2005-06-09,53.2770
2005-06-08,53.1465
2005-06-07,53.0540
2005-06-06,52.9875
2005-06-03,52.8820
2005-06-02,52.7940
2005-06-01,52.6960
2005-05-31,52.6400
2005-05-27,52.6115
2005-05-26,52.4825
2005-05-25,52.3540
2005-05-24,52.2880
2005-05-23,52.3365
2005-05-20,52.4265
2005-05-19,52.5340
2005-05-18,52.5900
2005-05-17,52.6200
2005-05-16,52.7135
2005-05-13,52.8180
2005-05-12,52.8645
2005-05-11,52.9505
2005-05-10,52.9940
2005-05-09,53.1320
2005-05-06,53.3030
2005-05-05,53.5005
2005-05-04,53.7335
2005-05-03,53.9445
2005-05-02,54.0970
2005-04-29,54.2855
2005-04-28,54.6510
2005-04-27,55.0090
2005-04-26,55.3220
2005-04-25,55.5355
2005-04-22,55.7315
2005-04-21,55.9485
2005-04-20,56.2055
2005-04-19,56.5615
2005-04-18,56.8955
2005-04-15,57.2845
2005-04-14,57.6465
2005-04-13,57.8885
2005-04-12,58.0835
2005-04-11,58.2435
2005-04-08,58.3150
2005-04-07,58.4050
2005-04-06,58.4950
2005-04-05,58.7085
2005-04-04,58.9930
2005-04-01,59.2295
2005-03-31,59.3235
2005-03-30,59.4865
2005-03-29,59.6205
2005-03-28,59.8300
2005-03-24,60.0125
2005-03-23,60.1600
2005-03-22,60.2470
2005-03-21,60.2555
2005-03-18,60.2410
2005-03-17,60.1525
2005-03-16,60.1550
2005-03-15,60.1330
2005-03-14,60.1300
2005-03-11,60.0910
2005-03-10,60.0460
2005-03-09,59.9295
2005-03-08,59.7715
2005-03-07,59.5095
2005-03-04,59.2765
2005-03-03,59.0030
2005-03-02,58.7200
2005-03-01,58.3990
2005-02-28,58.0720
2005-02-25,57.6540
2005-02-24,57.2600
2005-02-23,56.8790
2005-02-22,56.5230
2005-02-18,56.1845
2005-02-17,55.7970
2005-02-16,55.4645
2005-02-15,55.1240
2005-02-14,54.8700
2005-02-11,54.5795
2005-02-10,54.2745
2005-02-09,54.0290
2005-02-08,53.7910
2005-02-07,53.5300
2005-02-04,53.2745
2005-02-03,53.0240
2005-02-02,52.7560
2005-02-01,52.5070
2005-01-31,52.2945
2005-01-28,52.2000
2005-01-27,52.1400
2005-01-26,52.0835
2005-01-25,52.0285
2005-01-24,51.9770
2005-01-21,51.9820
2005-01-20,51.9980
2005-01-19,52.0390
2005-01-18,52.0325
2005-01-14,51.9640
2005-01-13,51.9475
2005-01-12,51.9785
2005-01-11,52.0080
2005-01-10,52.1205
2005-01-07,52.1815
2005-01-06,52.2630
2005-01-05,52.3110
2005-01-04,52.3735
2005-01-03,52.4865
2004-12-31,52.5710
2004-12-30,52.5695
2004-12-29,52.6175
2004-12-28,52.7010
2004-12-27,52.8120
2004-12-23,52.9535
2004-12-22,53.0490
2004-12-21,53.1620
2004-12-20,53.2630
2004-12-17,53.3300
2004-12-16,53.4235
2004-12-15,53.4950
2004-12-14,53.4880
2004-12-13,53.4825
2004-12-10,53.5285
2004-12-09,53.5445
2004-12-08,53.5380
2004-12-07,53.5420
2004-12-06,53.6035
2004-12-03,53.6895
2004-12-02,53.7790
2004-12-01,53.8135
2004-11-30,53.7445
2004-11-29,53.6620
2004-11-26,53.5820
2004-11-24,53.4635
2004-11-23,53.3830
2004-11-22,53.3525
2004-11-19,53.2845
2004-11-18,53.2565
2004-11-17,53.2465
2004-11-16,53.2450
2004-11-15,53.2555
2004-11-12,53.2525
2004-11-11,53.1940
2004-11-10,53.2175
2004-11-09,53.2505
2004-11-08,53.3355
2004-11-05,53.4130
2004-11-04,53.4510
2004-11-03,53.4930
2004-11-02,53.6050
2004-11-01,53.7225
2004-10-29,53.7680
2004-10-28,53.8110
2004-10-27,53.8695
2004-10-26,53.9025
2004-10-25,53.9085
2004-10-22,53.9215
2004-10-21,53.8960
2004-10-20,53.8425
2004-10-19,53.8310
2004-10-18,53.8695
2004-10-15,53.8255
2004-10-14,53.7525
2004-10-13,53.6315
2004-10-12,53.5180
2004-10-11,53.3555
2004-10-08,53.1570
2004-10-07,55.3950
2004-10-06,57.6880
2004-10-05,59.9075
2004-10-04,62.1810
2004-10-01,64.4765
2004-09-30,66.7630
2004-09-29,69.0145
2004-09-28,71.2080
2004-09-27,73.2795
2004-09-24,75.3570
2004-09-23,77.4410
2004-09-22,79.5150
2004-09-21,81.5230
2004-09-20,83.5030
2004-09-17,85.6105
2004-09-16,87.6685
2004-09-15,89.8285
2004-09-14,91.9835
2004-09-13,94.2555
2004-09-10,96.4885
2004-09-09,96.2045
2004-09-08,95.8940
2004-09-07,95.6175
2004-09-03,95.3530
2004-09-02,95.0555
2004-09-01,94.8630
2004-08-31,94.7595
2004-08-30,94.8175
2004-08-27,94.8665
2004-08-26,94.8865
2004-08-25,94.9350
2004-08-24,94.9605
2004-08-23,94.9880
2004-08-20,95.0050
2004-08-19,94.9810
2004-08-18,95.0380
2004-08-17,95.0260
2004-08-16,95.0575
2004-08-13,94.9830
2004-08-12,94.9730
2004-08-11,94.9940
2004-08-10,94.9880
2004-08-09,94.9735
2004-08-06,94.9320
2004-08-05,94.9385
2004-08-04,94.8160
2004-08-03,94.6580
2004-08-02,94.3945
2004-07-30,94.2330
2004-07-29,94.1240
2004-07-28,94.0555
2004-07-27,94.0120
2004-07-26,93.9605
2004-07-23,93.9570
2004-07-22,93.9920
2004-07-21,94.0240
2004-07-20,94.0190
2004-07-19,93.9455
2004-07-16,93.8580
2004-07-15,93.7270
2004-07-14,93.5870
2004-07-13,93.3795
2004-07-12,93.1805
2004-07-09,93.0300
2004-07-08,92.8325
2004-07-07,92.7225
2004-07-06,92.6585
2004-07-02,92.4990
2004-07-01,92.3835
2004-06-30,92.2785
2004-06-29,92.1380
2004-06-28,91.9860
2004-06-25,91.8555
2004-06-24,91.7350
2004-06-23,91.5985
2004-06-22,91.3630
2004-06-21,91.1520
2004-06-18,90.9620
2004-06-17,90.7865
2004-06-16,90.6570
2004-06-15,90.6350
2004-06-14,90.7395
2004-06-10,90.8330
2004-06-09,90.8850
2004-06-08,90.9330
2004-06-07,90.8340
2004-06-04,90.8085
2004-06-03,90.9745
2004-06-02,91.1470
2004-06-01,91.2325
2004-05-28,91.3270
2004-05-27,91.3820
2004-05-26,91.3890
2004-05-25,91.4270
2004-05-24,91.4880
2004-05-21,91.5920
2004-05-20,91.6960
2004-05-19,91.8110
2004-05-18,91.8090
2004-05-17,91.8005
2004-05-14,91.8165
2004-05-13,91.7685
2004-05-12,91.7500
2004-05-11,91.7085
2004-05-10,91.6985
2004-05-07,91.8135
2004-05-06,91.7280
2004-05-05,91.5395
2004-05-04,91.2725
2004-05-03,91.0715
2004-04-30,90.8135
2004-04-29,90.6365
2004-04-28,90.5080
2004-04-27,90.2750
2004-04-26,89.8995
2004-04-23,89.5540
2004-04-22,89.2035
2004-04-21,88.9075
2004-04-20,88.7875
2004-04-19,88.6515
2004-04-16,88.4680
2004-04-15,88.3690
2004-04-14,88.2400
2004-04-13,88.0740
2004-04-12,87.9190
2004-04-08,87.7680
2004-04-07,87.6175
2004-04-06,87.5665
2004-04-05,87.6145
2004-04-02,87.6965
2004-04-01,87.8060
2004-03-31,87.8745
2004-03-30,87.9770
2004-03-29,88.0870
2004-03-26,88.3315
2004-03-25,88.4820
2004-03-24,88.6535
2004-03-23,88.7515
2004-03-22,88.7870
2004-03-19,88.8390
2004-03-18,88.7595
2004-03-17,88.6010
2004-03-16,88.4860
2004-03-15,88.4680
2004-03-12,88.4110
2004-03-11,88.3595
2004-03-10,88.3915
2004-03-09,88.2820
2004-03-08,88.0705
2004-03-05,87.8065
2004-03-04,87.5470
2004-03-03,87.3380
2004-03-02,87.1390
2004-03-01,86.9845
2004-02-27,86.7885
2004-02-26,86.7365
2004-02-25,86.6675
2004-02-24,86.6605
2004-02-23,86.6315
2004-02-20,86.5595
2004-02-19,86.5865
2004-02-18,86.5965
2004-02-17,86.5670
2004-02-13,86.4370
2004-02-12,86.3325
2004-02-11,86.2415
2004-02-10,86.0980
2004-02-09,86.0060
2004-02-06,85.9730
2004-02-05,86.0045
2004-02-04,86.0510
2004-02-03,86.1470
2004-02-02,86.2320
2004-01-30,86.2170
2004-01-29,86.2190
2004-01-28,86.1565
2004-01-27,86.0950
2004-01-26,85.9025
2004-01-23,85.6900
2004-01-22,85.5040
2004-01-21,85.3140
2004-01-20,85.1385
2004-01-16,85.0145
2004-01-15,84.8655
2004-01-14,84.6790
2004-01-13,84.3465
2004-01-12,84.1240
2004-01-09,83.8640
2004-01-08,83.5420
2004-01-07,83.1835
2004-01-06,82.8160
2004-01-05,82.3625
2004-01-02,81.8660
2003-12-31,81.3765
2003-12-30,80.8390
2003-12-29,80.3210
2003-12-26,79.8010
2003-12-24,79.3710
2003-12-23,78.9320
2003-12-22,78.4740
2003-12-19,77.9805
2003-12-18,77.5170
2003-12-17,77.0495
2003-12-16,76.6395
2003-12-15,76.2845
2003-12-12,76.0505
2003-12-11,75.8255
2003-12-10,75.5860
2003-12-09,75.3595
2003-12-08,75.1060
2003-12-05,74.9030
2003-12-04,74.7105
2003-12-03,74.5130
2003-12-02,74.4035
2003-12-01,74.3180
2003-11-28,74.2480
2003-11-26,74.0810
2003-11-25,73.9735
2003-11-24,73.9145
2003-11-21,73.8550
2003-11-20,73.8370
2003-11-19,73.8275
2003-11-18,73.7920
2003-11-17,73.8285
2003-11-14,73.8640
2003-11-13,73.8370
2003-11-12,73.7610
2003-11-11,73.7255
2003-11-10,73.7675
2003-11-07,73.7995
2003-11-06,73.7620
2003-11-05,73.7310
2003-11-04,73.7155
2003-11-03,73.7190
2003-10-31,73.7075
2003-10-30,73.6465
2003-10-29,73.6985
2003-10-28,73.7000
2003-10-27,73.6030
2003-10-24,73.5465
2003-10-23,73.4645
2003-10-22,73.3620
2003-10-21,73.3040
2003-10-20,73.2165
2003-10-17,73.1110
2003-10-16,73.0425
2003-10-15,72.9435
2003-10-14,72.8570
2003-10-13,72.7575
2003-10-10,72.6725
2003-10-09,72.6300
2003-10-08,72.6285
2003-10-07,72.6100
2003-10-06,72.5820
2003-10-03,72.5980
2003-10-02,72.5950
2003-10-01,72.6400
2003-09-30,72.6805
2003-09-29,72.7935
2003-09-26,72.8520
2003-09-25,72.9365
2003-09-24,72.9630
2003-09-23,72.9565
2003-09-22,72.9480
2003-09-19,72.9285
2003-09-18,72.9495
2003-09-17,72.9670
2003-09-16,72.9585
2003-09-15,72.9375
2003-09-12,72.9410
2003-09-11,73.0055
2003-09-10,72.9925
2003-09-09,73.0385
2003-09-08,73.0275
2003-09-05,72.9665
2003-09-04,72.9285
2003-09-03,72.7875
2003-09-02,72.6305
2003-08-29,72.4785
2003-08-28,72.3875
2003-08-27,72.3345
2003-08-26,72.3100
2003-08-25,72.2900
2003-08-22,72.3015
2003-08-21,72.3475
2003-08-20,72.2985
2003-08-19,72.2695
2003-08-18,72.2920
2003-08-15,72.2680
2003-08-14,72.2640
2003-08-13,72.1270
2003-08-12,72.0380
2003-08-11,71.9105
2003-08-08,71.8600
2003-08-07,71.8700
2003-08-06,71.8605
2003-08-05,71.9565
2003-08-04,72.0900
2003-08-01,72.2215
2003-07-31,72.2655
2003-07-30,72.2925
2003-07-29,72.3250
2003-07-28,72.3450
2003-07-25,72.3350
2003-07-24,72.3575
2003-07-23,72.4375
2003-07-22,72.5270
2003-07-21,72.5805
2003-07-18,72.6655
2003-07-17,72.7150
2003-07-16,72.8495
2003-07-15,72.9920
2003-07-14,73.1710
2003-07-11,73.3140
2003-07-10,73.4450
2003-07-09,73.6220
2003-07-08,73.6935
2003-07-07,73.7005
2003-07-03,73.7485
2003-07-02,73.8655
2003-07-01,73.9220
2003-06-30,73.9465
2003-06-27,73.9405
2003-06-26,73.8685
2003-06-25,73.7180
2003-06-24,73.5785
2003-06-23,73.4205
2003-06-20,73.1610
2003-06-19,72.8435
2003-06-18,72.5420
2003-06-17,72.1660
2003-06-16,71.7660
2003-06-13,71.3840
2003-06-12,70.9880
2003-06-11,70.5980
2003-06-10,70.2500
2003-06-09,69.9510
2003-06-06,69.6480
2003-06-05,69.3020
2003-06-04,68.9210
2003-06-03,68.5910
2003-06-02,68.3030
2003-05-30,67.9665
2003-05-29,67.5695
2003-05-28,67.2015
2003-05-27,66.8310
2003-05-23,66.4885
2003-05-22,66.2370
2003-05-21,66.0685
2003-05-20,65.9275
2003-05-19,65.8520
2003-05-16,65.7705
2003-05-15,65.6080
2003-05-14,65.4265
2003-05-13,65.2370
2003-05-12,65.0005
2003-05-09,64.7660
2003-05-08,64.5925
2003-05-07,64.4355
2003-05-06,64.3130
2003-05-05,64.1740
2003-05-02,64.0620
2003-05-01,64.0145
2003-04-30,64.1185
2003-04-29,64.2525
2003-04-28,64.3250
2003-04-25,64.3975
2003-04-24,64.4875
2003-04-23,64.5735
2003-04-22,64.6305
2003-04-21,64.6215
2003-04-17,64.6875
2003-04-16,64.7750
2003-04-15,64.8915
2003-04-14,64.9715
2003-04-11,65.0110
2003-04-10,65.0425
2003-04-09,65.0215
2003-04-08,64.9640
2003-04-07,64.9410
2003-04-04,64.9160
2003-04-03,64.9320
2003-04-02,64.9810
2003-04-01,65.0245
2003-03-31,64.9825
2003-03-28,64.9770
2003-03-27,64.9230
2003-03-26,64.8710
2003-03-25,64.7850
2003-03-24,64.6935
2003-03-21,64.6650
2003-03-20,64.5675
2003-03-19,64.4525
2003-03-18,64.3815
2003-03-17,64.3000
2003-03-14,64.2510
2003-03-13,64.1915
2003-03-12,64.1625
2003-03-11,64.2365
2003-03-10,64.2965
2003-03-07,64.2875
2003-03-06,64.2570
2003-03-05,64.2415
2003-03-04,64.2175
2003-03-03,64.2675
2003-02-28,64.2605
2003-02-27,64.2620
2003-02-26,64.2015
2003-02-25,64.1450
2003-02-24,64.0280
2003-02-21,63.9845
2003-02-20,64.0305
2003-02-19,64.1405
2003-02-18,64.2625
2003-02-14,64.4680
2003-02-13,64.6975
2003-02-12,64.9550
2003-02-11,65.2260
2003-02-10,65.4085
2003-02-07,65.5920
2003-02-06,65.8620
2003-02-05,66.0320
2003-02-04,66.2010
2003-02-03,66.4225
2003-01-31,66.5570
2003-01-30,66.7280
2003-01-29,66.8420
2003-01-28,67.0270
2003-01-27,67.1745
2003-01-24,67.4275
2003-01-23,67.5830
2003-01-22,67.6730
2003-01-21,67.7205
2003-01-17,67.6905
2003-01-16,67.6565
2003-01-15,67.6355
2003-01-14,67.6505
2003-01-13,67.6070
2003-01-10,67.5915
2003-01-09,67.5535
2003-01-08,67.5200
2003-01-07,67.4835
2003-01-06,67.4785
2003-01-03,67.3810
2003-01-02,67.3540
2002-12-31,67.3205
2002-12-30,67.3295
2002-12-27,67.3485
2002-12-26,67.3975
2002-12-24,67.3660
2002-12-23,67.4210
2002-12-20,67.4040
2002-12-19,67.4515
2002-12-18,67.5415
2002-12-17,67.5465
2002-12-16,67.5415
2002-12-13,67.4965
2002-12-12,67.4750
2002-12-11,67.4065
2002-12-10,67.3740
2002-12-09,67.3105
2002-12-06,67.3195
2002-12-05,67.2770
2002-12-04,67.3375
2002-12-03,67.4125
2002-12-02,67.4520
2002-11-29,67.5615
2002-11-27,67.5915
2002-11-26,67.8175
2002-11-25,68.0110
2002-11-22,68.3025
2002-11-21,68.6425
2002-11-20,68.9300
2002-11-19,69.1775
2002-11-18,69.3885
2002-11-15,69.7200
2002-11-14,70.0875
2002-11-13,70.4425
2002-11-12,70.7975
2002-11-11,71.1540
2002-11-08,71.4275
2002-11-07,71.6515
2002-11-06,71.8415
2002-11-05,71.8060
2002-11-04,71.8210
2002-11-01,71.9490
2002-10-31,72.0515
2002-10-30,72.2870
2002-10-29,72.2970
2002-10-28,72.3950
2002-10-25,72.1785
2002-10-24,72.0655
2002-10-23,72.0580
2002-10-22,71.9165
2002-10-21,71.7640
2002-10-18,71.5270
2002-10-17,71.3095
2002-10-16,71.0910
2002-10-15,70.9730
2002-10-14,70.8250
2002-10-11,70.8925
2002-10-10,70.9530
2002-10-09,71.0440
2002-10-08,71.3405
2002-10-07,71.6290
2002-10-04,71.8040
2002-10-03,71.9940
2002-10-02,72.0365
2002-10-01,72.1305
2002-09-30,72.1450
2002-09-27,72.5140
2002-09-26,72.7690
2002-09-25,72.9590
2002-09-24,73.3555
2002-09-23,73.8740
2002-09-20,74.3110
2002-09-19,74.7195
2002-09-18,75.0655
2002-09-17,75.2710
2002-09-16,75.5460
2002-09-13,75.6920
2002-09-12,75.9250
2002-09-11,76.1390
2002-09-10,76.1850
2002-09-09,76.1690
2002-09-06,76.2465
2002-09-05,76.2395
2002-09-04,76.1775
2002-09-03,76.0320
2002-08-30,75.8150
2002-08-29,75.5235
2002-08-28,75.2475
2002-08-27,75.1475
2002-08-26,74.8925
2002-08-23,74.6580
2002-08-22,74.2770
2002-08-21,73.8260
2002-08-20,73.5135
2002-08-19,73.0940
2002-08-16,72.7265
2002-08-15,72.6055
2002-08-14,72.6480
2002-08-13,72.7930
2002-08-12,72.9970
2002-08-09,73.2820
2002-08-08,73.6445
2002-08-07,74.0490
2002-08-06,74.6950
2002-08-05,75.5140
2002-08-02,76.5150
2002-08-01,77.3700
2002-07-31,78.1775
2002-07-30,78.8175
2002-07-29,79.5975
2002-07-26,80.3035
2002-07-25,81.1445
2002-07-24,81.9720
2002-07-23,82.7420
2002-07-22,83.7555
2002-07-19,84.6620
2002-07-18,85.3035
2002-07-17,85.6985
2002-07-16,86.1050
2002-07-15,86.5710
2002-07-12,86.8720
2002-07-11,87.0770
2002-07-10,87.2820
2002-07-09,87.3585
2002-07-08,87.3285
2002-07-05,87.2870
2002-07-03,87.1900
2002-07-02,87.2125
2002-07-01,87.1625
2002-06-28,87.0585
2002-06-27,86.9960
2002-06-26,86.9545
2002-06-25,87.0370
2002-06-24,87.1410
2002-06-21,87.2345
2002-06-20,87.3320
2002-06-19,87.4165
2002-06-18,87.4780
2002-06-17,87.4940
2002-06-14,87.5165
2002-06-13,87.6280
2002-06-12,87.6855
2002-06-11,87.8430
2002-06-10,88.0280
2002-06-07,88.1080
2002-06-06,88.1590
2002-06-05,88.3135
2002-06-04,88.3395
2002-06-03,88.3495
2002-05-31,88.4990
2002-05-30,88.5800
2002-05-29,88.6395
2002-05-28,88.5800
2002-05-24,88.4690
2002-05-23,88.2440
2002-05-22,88.0590
2002-05-21,87.8580
2002-05-20,87.8155
2002-05-17,87.7105
2002-05-16,87.6530
2002-05-15,87.5780
2002-05-14,87.5235
2002-05-13,87.3585
2002-05-10,87.1185
2002-05-09,86.9260
2002-05-08,86.8350
2002-05-07,86.7625
2002-05-06,86.7435
2002-05-03,86.8135
2002-05-02,86.6950
2002-05-01,86.6410
2002-04-30,86.7415
2002-04-29,86.9490
2002-04-26,87.1410
2002-04-25,87.4245
2002-04-24,87.6545
2002-04-23,87.8545
2002-04-22,87.9255
2002-04-19,88.0485
2002-04-18,88.1675
2002-04-17,88.2825
2002-04-16,88.4695
2002-04-15,88.6575
2002-04-12,88.8825
2002-04-11,89.1525
2002-04-10,89.3010
2002-04-09,89.4020
2002-04-08,89.4925
2002-04-05,89.4550
2002-04-04,89.5295
2002-04-03,89.5350
2002-04-02,89.3475
2002-04-01,89.1135
2002-03-28,88.9035
2002-03-27,88.6120
2002-03-26,88.3370
2002-03-25,88.0960
2002-03-22,87.8710
2002-03-21,87.6005
2002-03-20,87.1870
2002-03-19,86.7845
2002-03-18,86.3320
2002-03-15,85.9315
2002-03-14,85.5665
2002-03-13,85.2140
2002-03-12,84.8625
2002-03-11,84.5290
2002-03-08,84.1665
2002-03-07,83.8715
2002-03-06,83.6000
2002-03-05,83.3230
2002-03-04,83.2065
2002-03-01,83.1660
2002-02-28,83.0810
2002-02-27,83.0140
2002-02-26,83.0225
2002-02-25,83.2570
2002-02-22,83.4900
2002-02-21,83.7100
2002-02-20,83.9920
2002-02-19,84.2410
2002-02-15,84.4985
2002-02-14,84.7510
2002-02-13,85.0860
2002-02-12,85.4235
2002-02-11,85.6735
2002-02-08,85.8965
2002-02-07,86.2515
2002-02-06,86.6195
2002-02-05,86.9620
2002-02-04,87.3300
2002-02-01,87.5990
2002-01-31,87.8055
2002-01-30,88.0895
2002-01-29,88.4150
2002-01-28,88.6785
2002-01-25,88.7505
2002-01-24,88.7825
2002-01-23,88.8050
2002-01-22,88.8475
2002-01-18,88.8810
2002-01-17,88.9160
2002-01-16,88.8585
2002-01-15,88.6805
2002-01-14,88.4205
2002-01-11,88.2635
2002-01-10,88.1730
2002-01-09,87.9805
2002-01-08,87.8315
2002-01-07,87.6905
2002-01-04,87.5035
2002-01-03,87.4135
2002-01-02,87.2800
2001-12-31,87.1285
2001-12-28,86.8985
2001-12-27,86.6490
2001-12-26,86.3610
2001-12-24,86.1820
2001-12-21,86.0145
2001-12-20,85.9135
2001-12-19,85.8475
2001-12-18,85.7990
2001-12-17,85.6320
2001-12-14,85.5225
2001-12-13,85.5125
2001-12-12,85.6310
2001-12-11,85.8595
2001-12-10,86.0660
2001-12-07,86.2340
2001-12-06,86.2520
2001-12-05,86.3170
2001-12-04,86.2820
2001-12-03,86.2960
2001-11-30,86.3460
2001-11-29,86.5885
2001-11-28,86.7435
2001-11-27,86.9660
2001-11-26,87.1355
2001-11-23,87.3220
2001-11-21,87.3880
2001-11-20,87.4295
2001-11-19,87.4330
2001-11-16,87.7250
2001-11-15,87.8895
2001-11-14,88.0010
2001-11-13,88.1250
2001-11-12,88.0740
2001-11-09,88.0350
2001-11-08,88.1105
2001-11-07,88.3950
2001-11-06,88.7035
2001-11-05,88.8110
2001-11-02,88.9030
2001-11-01,88.9525
2001-10-31,88.8150
2001-10-30,88.6580
2001-10-29,88.4830
2001-10-26,88.2175
2001-10-25,88.0085
2001-10-24,87.7885
2001-10-23,87.3815
2001-10-22,87.1065
2001-10-19,86.7240
2001-10-18,86.5875
2001-10-17,86.4710
2001-10-16,86.2610
2001-10-15,86.1915
2001-10-12,86.2800
2001-10-11,86.3150
2001-10-10,86.2710
2001-10-09,86.1860
2001-10-08,86.3085
2001-10-05,86.4285
2001-10-04,86.5440
2001-10-03,86.7120
2001-10-02,87.0295
2001-10-01,87.3105
2001-09-28,87.7305
2001-09-27,88.1330
2001-09-26,88.5720
2001-09-25,89.2310
2001-09-24,89.6990
2001-09-21,90.2445
2001-09-20,90.6445
2001-09-19,91.1120
2001-09-18,91.5175
2001-09-17,91.7415
2001-09-10,91.8155
2001-09-07,91.8180
2001-09-06,91.7275
2001-09-05,91.6405
2001-09-04,91.6270
2001-08-31,91.5790
2001-08-30,91.5755
2001-08-29,91.6045
2001-08-28,91.5750
2001-08-27,91.5885
2001-08-24,91.5600
2001-08-23,91.4750
2001-08-22,91.3635
2001-08-21,91.2245
2001-08-20,90.9605
2001-08-17,90.7420
2001-08-16,90.5890
2001-08-15,90.2940
2001-08-14,89.9835
2001-08-13,89.7140
2001-08-10,89.5115
2001-08-09,89.3940
2001-08-08,89.3175
2001-08-07,89.2005
2001-08-06,89.1140
2001-08-03,89.0965
2001-08-02,89.1125
2001-08-01,89.1260
2001-07-31,89.0870
2001-07-30,89.0330
2001-07-27,88.9815
2001-07-26,88.8635
2001-07-25,88.9310
2001-07-24,89.2075
2001-07-23,89.6960
2001-07-20,90.0510
2001-07-19,90.2765
2001-07-18,90.6425
2001-07-17,91.0775
2001-07-16,91.5200
2001-07-13,91.9720
2001-07-12,92.2850
2001-07-11,92.6845
2001-07-10,93.1805
2001-07-09,93.5855
2001-07-06,93.9055
2001-07-05,94.1560
2001-07-03,94.3980
2001-07-02,94.7635
2001-06-29,95.1495
2001-06-28,95.4435
2001-06-27,95.8090
2001-06-26,96.0310
2001-06-25,96.0735
2001-06-22,96.0350
2001-06-21,96.0130
2001-06-20,96.0490
2001-06-19,96.0790
2001-06-18,96.1610
2001-06-15,96.2545
2001-06-14,96.2030
2001-06-13,96.1825
2001-06-12,96.1000
2001-06-11,95.9405
2001-06-08,95.7665
2001-06-07,95.7050
2001-06-06,95.6760
2001-06-05,95.5580
2001-06-04,95.3830
2001-06-01,95.1490
2001-05-31,94.9150
2001-05-30,94.7125
2001-05-29,94.7430
2001-05-25,94.7935
2001-05-24,94.9590
2001-05-23,95.1370
2001-05-22,95.1940
2001-05-21,95.1555
2001-05-18,95.0340
2001-05-17,94.8180
2001-05-16,94.6725
2001-05-15,94.5830
2001-05-14,94.4755
2001-05-11,94.4455
2001-05-10,94.3345
2001-05-09,94.1140
2001-05-08,93.9825
2001-05-07,93.8675
2001-05-04,93.6185
2001-05-03,93.4350
2001-05-02,93.2350
2001-05-01,92.9350
2001-04-30,92.4560
2001-04-27,92.0180
2001-04-26,91.4645
2001-04-25,90.9015
2001-04-24,90.5270
2001-04-23,90.1340
2001-04-20,89.7335
2001-04-19,89.4460
2001-04-18,89.2925
2001-04-17,89.1510
2001-04-16,88.9415
2001-04-12,88.6265
2001-04-11,88.4715
2001-04-10,88.4080
2001-04-09,88.2990
2001-04-06,88.3295
2001-04-05,88.5075
2001-04-04,88.6710
2001-04-03,88.8550
2001-04-02,89.0775
2001-03-30,89.2530
2001-03-29,89.2855
2001-03-28,89.3065
2001-03-27,89.2595
2001-03-26,89.1530
2001-03-23,89.0590
2001-03-22,88.9470
2001-03-21,88.8760
2001-03-20,88.6885
2001-03-19,88.4820
2001-03-16,88.3565
2001-03-15,88.2515
2001-03-14,88.1090
2001-03-13,87.9325
2001-03-12,87.7280
2001-03-09,87.4170
2001-03-08,86.9910
2001-03-07,86.5110
2001-03-06,86.1765
2001-03-05,85.7825
2001-03-02,85.3845
2001-03-01,85.1255
2001-02-28,84.9475
2001-02-27,84.7575
2001-02-26,84.5475
2001-02-23,84.4510
2001-02-22,84.3875
2001-02-21,84.0775
2001-02-20,83.7590
2001-02-16,83.4155
2001-02-15,83.0535
2001-02-14,82.7555
2001-02-13,82.4755
2001-02-12,82.2255
2001-02-09,81.9460
2001-02-08,81.7235
2001-02-07,81.5170
2001-02-06,81.3620
2001-02-05,81.1930
2001-02-02,81.1395
2001-02-01,81.0625
2001-01-31,81.0305
2001-01-30,81.1635
2001-01-29,81.2925
2001-01-26,81.5050
2001-01-25,81.5265
2001-01-24,81.5075
2001-01-23,81.5450
2001-01-22,81.4860
2001-01-19,81.4265
2001-01-18,81.5140
2001-01-17,81.5795
2001-01-16,81.4795
2001-01-12,81.3825
2001-01-11,81.4480
2001-01-10,81.4665
2001-01-09,81.5350
2001-01-08,81.5880
2001-01-05,81.5570
2001-01-04,81.5070
2001-01-03,81.5535
2001-01-02,81.5720
2000-12-29,81.4065
2000-12-28,81.2785
2000-12-27,81.0975
2000-12-26,81.2350
2000-12-22,81.3385
2000-12-21,81.5225
2000-12-20,81.8440
2000-12-19,82.1720
2000-12-18,82.3035
2000-12-15,82.4535
2000-12-14,82.7350
2000-12-13,82.9790
2000-12-12,83.0790
2000-12-11,83.1450
2000-12-08,83.2765
2000-12-07,83.3800
2000-12-06,83.4955
2000-12-05,83.5735
2000-12-04,83.6110
2000-12-01,83.5140
2000-11-30,83.4075
2000-11-29,83.4540
2000-11-28,83.4540
2000-11-27,83.2450
2000-11-24,83.0165
2000-11-22,82.9010
2000-11-21,82.7355
2000-11-20,82.5980
2000-11-17,82.5415
2000-11-16,82.5260
2000-11-15,82.4475
2000-11-14,82.3755
2000-11-13,82.3070
2000-11-10,82.2505
2000-11-09,82.2565
2000-11-08,82.4530
2000-11-07,82.6345
2000-11-06,82.8910
2000-11-03,83.0630
2000-11-02,83.2290
2000-11-01,83.4790
2000-10-31,83.5790
2000-10-30,83.8165
2000-10-27,84.0695
2000-10-26,84.3165
2000-10-25,84.4235
2000-10-24,84.6205
2000-10-23,84.6735
2000-10-20,84.6850
2000-10-19,84.7255
2000-10-18,84.8755
2000-10-17,85.1005
2000-10-16,85.3595
2000-10-13,85.7595
2000-10-12,86.0565
2000-10-11,86.0700
2000-10-10,86.1700
2000-10-09,86.2385
2000-10-06,86.4040
2000-10-05,86.5195
2000-10-04,86.6600
2000-10-03,86.8260
2000-10-02,86.7790
2000-09-29,86.7180
2000-09-28,86.6815
2000-09-27,86.7300
2000-09-26,86.7580
2000-09-25,86.9395
2000-09-22,87.1440
2000-09-21,87.2410
2000-09-20,87.4195
2000-09-19,87.4010
2000-09-18,87.3355
2000-09-15,87.1370
2000-09-14,86.9870
2000-09-13,86.8610
2000-09-12,86.6045
2000-09-11,86.3955
2000-09-08,86.1300
2000-09-07,85.9895
2000-09-06,85.7035
2000-09-05,85.3150
2000-09-01,85.0530
2000-08-31,84.7460
2000-08-30,84.5200
2000-08-29,84.2550
2000-08-28,83.8990
2000-08-25,83.5010
2000-08-24,83.1860
2000-08-23,82.9235
2000-08-22,82.3450
2000-08-21,81.8790
2000-08-18,81.4105
2000-08-17,81.0340
2000-08-16,80.6745
2000-08-15,80.5185
2000-08-14,80.4155
2000-08-11,80.3300
2000-08-10,80.3175
2000-08-09,80.3210
2000-08-08,80.4750
2000-08-07,80.8070
2000-08-04,80.9720
2000-08-03,81.2030
2000-08-02,81.3810
2000-08-01,81.5155
2000-07-31,81.8675
2000-07-28,82.1590
2000-07-27,82.4620
2000-07-26,82.7935
2000-07-25,83.3500
2000-07-24,83.9210
2000-07-21,84.5395
2000-07-20,85.0925
2000-07-19,85.6560
2000-07-18,86.0715
2000-07-17,86.5685
2000-07-14,87.0725
2000-07-13,87.5415
2000-07-12,88.0065
2000-07-11,88.3105
2000-07-10,88.6045
2000-07-07,89.0045
2000-07-06,89.4350
2000-07-05,89.8760
2000-07-03,90.3950
2000-06-30,90.6210
2000-06-29,90.9085
2000-06-28,91.1265
2000-06-27,91.3670
2000-06-26,91.5105
2000-06-23,91.6430
2000-06-22,91.8150
2000-06-21,92.0495
2000-06-20,92.1485
2000-06-19,92.3390
2000-06-16,92.4355
2000-06-15,92.3420
2000-06-14,92.2510
2000-06-13,92.2355
2000-06-12,92.3480
2000-06-09,92.4175
2000-06-08,92.4865
2000-06-07,92.4025
2000-06-06,92.2900
2000-06-05,92.2365
2000-06-02,92.2520
